date,total_counts,hour,weekday,month
2025-03-01,929244,0,5,2025-03
2025-03-02,670821,0,6,2025-03
2025-03-03,798301,0,0,2025-03
2025-03-04,870983,0,1,2025-03
2025-03-05,852555,0,2,2025-03
2025-03-06,920384,0,3,2025-03
2025-03-07,944090,0,4,2025-03
2025-03-08,933858,0,5,2025-03
2025-03-09,899263,0,6,2025-03
2025-03-10,727441,0,0,2025-03
2025-03-11,813775,0,1,2025-03
2025-03-12,849365,0,2,2025-03
2025-03-13,1009573,0,3,2025-03
2025-03-14,980187,0,4,2025-03
2025-03-15,915402,0,5,2025-03
2025-03-16,513417,0,6,2025-03
2025-03-17,859396,0,0,2025-03
2025-03-18,885817,0,1,2025-03
2025-03-19,878192,0,2,2025-03
2025-03-20,800750,0,3,2025-03
2025-03-21,884091,0,4,2025-03
2025-03-22,929926,0,5,2025-03
2025-03-23,763547,0,6,2025-03
2025-03-24,769565,0,0,2025-03
2025-03-25,847602,0,1,2025-03
2025-03-26,879798,0,2,2025-03
2025-03-27,957611,0,3,2025-03
2025-03-28,982398,0,4,2025-03
2025-03-29,941897,0,5,2025-03
2025-03-30,729510,0,6,2025-03
2025-03-31,770456,0,0,2025-03
2025-04-01,869344,0,1,2025-04
2025-04-02,884028,0,2,2025-04
2025-04-03,881521,0,3,2025-04
2025-04-04,891091,0,4,2025-04
2025-04-05,933817,0,5,2025-04
2025-04-06,816942,0,6,2025-04
2025-04-07,795012,0,0,2025-04
2025-04-08,884855,0,1,2025-04
2025-04-09,889260,0,2,2025-04
2025-04-10,932950,0,3,2025-04
2025-04-11,973756,0,4,2025-04
2025-04-12,906830,0,5,2025-04
2025-04-13,785614,0,6,2025-04
2025-04-14,814976,0,0,2025-04
2025-04-15,922881,0,1,2025-04
2025-04-16,952733,0,2,2025-04
2025-04-17,983525,0,3,2025-04
2025-04-18,780373,0,4,2025-04
2025-04-19,922212,0,5,2025-04
2025-04-20,781049,0,6,2025-04
2025-04-21,665574,0,0,2025-04
2025-04-22,721162,0,1,2025-04
2025-04-23,764965,0,2,2025-04
2025-04-24,837216,0,3,2025-04
2025-04-25,705779,0,4,2025-04
2025-04-26,781510,0,5,2025-04
2025-04-27,651895,0,6,2025-04
2025-04-28,697748,0,0,2025-04
2025-04-29,705792,0,1,2025-04
2025-04-30,802327,0,2,2025-04
2025-05-01,835816,0,3,2025-05
2025-05-02,833316,0,4,2025-05
2025-05-03,803258,0,5,2025-05
2025-05-04,649313,0,6,2025-05
2025-05-05,715957,0,0,2025-05
2025-05-06,798083,0,1,2025-05
2025-05-07,743315,0,2,2025-05
2025-05-08,821079,0,3,2025-05
2025-05-09,857304,0,4,2025-05
2025-05-10,873283,0,5,2025-05
2025-05-11,725068,0,6,2025-05
2025-05-12,694695,0,0,2025-05
2025-05-13,787431,0,1,2025-05
2025-05-14,768064,0,2,2025-05
2025-05-15,802579,0,3,2025-05
2025-05-16,808372,0,4,2025-05
2025-05-17,647904,0,5,2025-05
2025-05-18,676110,0,6,2025-05
2025-05-19,660391,0,0,2025-05
2025-05-20,759842,0,1,2025-05
2025-05-21,744701,0,2,2025-05
2025-05-22,770240,0,3,2025-05
2025-05-23,721298,0,4,2025-05
2025-05-24,857645,0,5,2025-05
2025-05-25,657938,0,6,2025-05
2025-05-26,623920,0,0,2025-05
2025-05-27,630145,0,1,2025-05
2025-05-28,644002,0,2,2025-05
2025-05-29,740705,0,3,2025-05
2025-05-30,812808,0,4,2025-05
2025-05-31,774050,0,5,2025-05
2025-06-01,599407,0,6,2025-06
2025-06-02,363948,0,0,2025-06
2025-06-03,573615,0,1,2025-06
2025-06-04,711476,0,2,2025-06
2025-06-05,746877,0,3,2025-06
2025-06-06,657805,0,4,2025-06
2025-06-07,75346,0,5,2025-06
2025-06-08,674475,0,6,2025-06
2025-06-09,508406,0,0,2025-06
2025-06-10,648928,0,1,2025-06
2025-06-11,703321,0,2,2025-06
2025-06-12,744644,0,3,2025-06
2025-06-13,755198,0,4,2025-06
2025-06-14,690918,0,5,2025-06
2025-06-15,36350,0,6,2025-06
2025-06-16,583896,0,0,2025-06
2025-06-17,653762,0,1,2025-06
2025-06-18,718260,0,2,2025-06
2025-06-19,702228,0,3,2025-06
2025-06-20,85349,0,4,2025-06
2025-06-21,762770,0,5,2025-06
2025-06-22,615314,0,6,2025-06
2025-06-23,603699,0,0,2025-06
2025-06-24,641783,0,1,2025-06
2025-06-25,562314,0,2,2025-06
2025-06-26,747501,0,3,2025-06
2025-06-27,757506,0,4,2025-06
2025-06-28,784930,0,5,2025-06
2025-06-29,564439,0,6,2025-06
2025-06-30,31697,0,0,2025-06
2025-07-01,650493,0,1,2025-07
2025-07-02,448477,0,2,2025-07
2025-07-03,57474,0,3,2025-07
2025-07-04,838019,0,4,2025-07
2025-07-05,913221,0,5,2025-07
2025-07-06,756533,0,6,2025-07
2025-07-07,757923,0,0,2025-07
2025-07-08,707486,0,1,2025-07
2025-07-09,841831,0,2,2025-07
2025-07-10,814936,0,3,2025-07
2025-07-11,883722,0,4,2025-07
2025-07-12,952723,0,5,2025-07
2025-07-13,780771,0,6,2025-07
2025-07-14,752009,0,0,2025-07
2025-07-15,821175,0,1,2025-07
2025-07-16,845433,0,2,2025-07
2025-07-17,820828,0,3,2025-07
2025-07-18,892634,0,4,2025-07
2025-07-19,673319,0,5,2025-07
2025-07-20,701091,0,6,2025-07
2025-07-21,716322,0,0,2025-07
2025-07-22,663880,0,1,2025-07
2025-07-23,787936,0,2,2025-07
2025-07-24,918847,0,3,2025-07
2025-07-25,889102,0,4,2025-07
2025-07-26,849960,0,5,2025-07
2025-07-27,656675,0,6,2025-07
2025-07-28,716051,0,0,2025-07
2025-07-29,798363,0,1,2025-07
2025-07-30,833798,0,2,2025-07
2025-07-31,849165,0,3,2025-07
