sensor_id,date,hourly_total
1,2025-03-01,14882
1,2025-03-02,10941
1,2025-03-03,8494
1,2025-03-04,14809
1,2025-03-05,10940
1,2025-03-06,11813
1,2025-03-07,14216
1,2025-03-08,16583
1,2025-03-09,9487
1,2025-03-10,11391
1,2025-03-11,11525
1,2025-03-12,12734
1,2025-03-13,18205
1,2025-03-14,14784
1,2025-03-15,15970
1,2025-03-16,9437
1,2025-03-17,11797
1,2025-03-18,6679
1,2025-03-19,8587
1,2025-03-20,13752
1,2025-03-21,17820
1,2025-03-22,9406
1,2025-03-23,16670
1,2025-03-24,11219
1,2025-03-25,11608
1,2025-03-26,11681
1,2025-03-27,14027
1,2025-03-28,13598
1,2025-03-29,11828
1,2025-03-30,12802
1,2025-03-31,11641
2,2025-03-01,6502
2,2025-03-02,7770
2,2025-03-03,5405
2,2025-03-04,6235
2,2025-03-05,7574
2,2025-03-06,9678
2,2025-03-07,9151
2,2025-03-08,8835
2,2025-03-09,3401
2,2025-03-10,3581
2,2025-03-11,6956
2,2025-03-12,5722
2,2025-03-13,8710
2,2025-03-14,11497
2,2025-03-15,8574
2,2025-03-16,3551
2,2025-03-17,10062
2,2025-03-18,5421
2,2025-03-19,4417
2,2025-03-20,8055
2,2025-03-21,4519
2,2025-03-22,5731
2,2025-03-23,7929
2,2025-03-24,4864
2,2025-03-25,5528
2,2025-03-26,9053
2,2025-03-27,7896
2,2025-03-28,9845
2,2025-03-29,11729
2,2025-03-30,7363
2,2025-03-31,4336
3,2025-03-01,22136
3,2025-03-02,16051
3,2025-03-03,15347
3,2025-03-04,12953
3,2025-03-05,15969
3,2025-03-06,14213
3,2025-03-07,19918
3,2025-03-08,20287
3,2025-03-09,21671
3,2025-03-10,15263
3,2025-03-11,13479
3,2025-03-12,17203
3,2025-03-13,13225
3,2025-03-14,12987
3,2025-03-15,21576
3,2025-03-16,8787
3,2025-03-17,17193
3,2025-03-18,19411
3,2025-03-19,12699
3,2025-03-20,11656
3,2025-03-21,14902
3,2025-03-22,21217
3,2025-03-23,18476
3,2025-03-24,14701
3,2025-03-25,15884
3,2025-03-26,15390
3,2025-03-27,15857
3,2025-03-28,20938
3,2025-03-29,21525
3,2025-03-30,15694
3,2025-03-31,18742
4,2025-03-01,27502
4,2025-03-02,16470
4,2025-03-03,11726
4,2025-03-04,19295
4,2025-03-05,18649
4,2025-03-06,26910
4,2025-03-07,16611
4,2025-03-08,31038
4,2025-03-09,27328
4,2025-03-10,24863
4,2025-03-11,20430
4,2025-03-12,18205
4,2025-03-13,31534
4,2025-03-14,22679
4,2025-03-15,30867
4,2025-03-16,15270
4,2025-03-17,22230
4,2025-03-18,21184
4,2025-03-19,23037
4,2025-03-20,20676
4,2025-03-21,22348
4,2025-03-22,27075
4,2025-03-23,31577
4,2025-03-24,20899
4,2025-03-25,12990
4,2025-03-26,27439
4,2025-03-27,24077
4,2025-03-28,16834
4,2025-03-29,30381
4,2025-03-30,26208
4,2025-03-31,21147
5,2025-03-01,20952
5,2025-03-02,12380
5,2025-03-03,15550
5,2025-03-04,21595
5,2025-03-05,14502
5,2025-03-06,20941
5,2025-03-07,25103
5,2025-03-08,20885
5,2025-03-09,24965
5,2025-03-10,24237
5,2025-03-11,13724
5,2025-03-12,17045
5,2025-03-13,17378
5,2025-03-14,26513
5,2025-03-15,24846
5,2025-03-16,13229
5,2025-03-17,17403
5,2025-03-18,17519
5,2025-03-19,21075
5,2025-03-20,13057
5,2025-03-21,16078
5,2025-03-22,20305
5,2025-03-23,14161
5,2025-03-24,14991
5,2025-03-25,18442
5,2025-03-26,16095
5,2025-03-27,16637
5,2025-03-28,16324
5,2025-03-29,19327
5,2025-03-30,15587
5,2025-03-31,11619
6,2025-03-01,21117
6,2025-03-02,7574
6,2025-03-03,14956
6,2025-03-04,20857
6,2025-03-05,18692
6,2025-03-06,14606
6,2025-03-07,16622
6,2025-03-08,15115
6,2025-03-09,14017
6,2025-03-10,15405
6,2025-03-11,13074
6,2025-03-12,18267
6,2025-03-13,23652
6,2025-03-14,19689
6,2025-03-15,11841
6,2025-03-16,11461
6,2025-03-17,15578
6,2025-03-18,17675
6,2025-03-19,14542
6,2025-03-20,17412
6,2025-03-21,12837
6,2025-03-22,14437
6,2025-03-23,13864
6,2025-03-24,15757
6,2025-03-25,14810
6,2025-03-26,22481
6,2025-03-27,18686
6,2025-03-28,15962
6,2025-03-29,17624
6,2025-03-30,9929
6,2025-03-31,15367
8,2025-03-01,6193
8,2025-03-02,4219
8,2025-03-03,5828
8,2025-03-04,5936
8,2025-03-05,5586
8,2025-03-06,5447
8,2025-03-07,5528
8,2025-03-08,4582
8,2025-03-09,4325
8,2025-03-10,3800
8,2025-03-11,5479
8,2025-03-12,5223
8,2025-03-13,6221
8,2025-03-14,5860
8,2025-03-15,4877
8,2025-03-16,1739
8,2025-03-17,6045
8,2025-03-18,4
8,2025-03-19,5983
8,2025-03-20,4529
8,2025-03-21,4591
8,2025-03-22,6248
8,2025-03-23,5249
8,2025-03-24,5325
8,2025-03-25,6073
8,2025-03-26,5868
8,2025-03-27,6565
8,2025-03-28,6169
8,2025-03-29,4947
8,2025-03-30,4337
8,2025-03-31,5434
9,2025-03-01,5310
9,2025-03-02,1763
9,2025-03-03,17365
9,2025-03-04,23742
9,2025-03-05,21306
9,2025-03-06,22072
9,2025-03-07,13564
9,2025-03-08,2300
9,2025-03-09,1807
9,2025-03-10,5264
9,2025-03-11,21471
9,2025-03-12,22012
9,2025-03-13,24997
9,2025-03-14,15065
9,2025-03-15,3399
9,2025-03-16,1941
9,2025-03-17,18225
9,2025-03-18,24260
9,2025-03-19,21875
9,2025-03-20,21327
9,2025-03-21,13615
9,2025-03-22,3103
9,2025-03-23,2110
9,2025-03-24,17770
9,2025-03-25,23539
9,2025-03-26,21028
9,2025-03-27,23929
9,2025-03-28,15452
9,2025-03-29,3139
9,2025-03-30,1848
9,2025-03-31,16933
10,2025-03-01,3602
10,2025-03-02,1182
10,2025-03-03,2535
10,2025-03-04,3023
10,2025-03-05,2888
10,2025-03-06,2806
10,2025-03-07,2453
10,2025-03-08,1427
10,2025-03-09,1201
10,2025-03-10,939
10,2025-03-11,3230
10,2025-03-12,3223
10,2025-03-13,3485
10,2025-03-14,2688
10,2025-03-15,2100
10,2025-03-16,903
10,2025-03-17,2291
10,2025-03-18,3485
10,2025-03-19,3026
10,2025-03-20,2847
10,2025-03-21,2180
10,2025-03-22,2201
10,2025-03-23,1553
10,2025-03-24,2667
10,2025-03-25,3321
10,2025-03-26,2995
10,2025-03-27,3711
10,2025-03-28,3680
10,2025-03-29,2504
10,2025-03-30,1030
10,2025-03-31,2537
11,2025-03-01,5909
11,2025-03-02,4972
11,2025-03-03,2768
11,2025-03-04,2803
11,2025-03-05,2431
11,2025-03-06,3066
11,2025-03-07,3146
11,2025-03-08,3847
11,2025-03-09,3426
11,2025-03-10,2457
11,2025-03-11,2597
11,2025-03-12,2218
11,2025-03-13,3469
11,2025-03-14,2415
11,2025-03-15,3939
11,2025-03-16,1160
11,2025-03-17,2655
11,2025-03-18,3515
11,2025-03-19,3161
11,2025-03-20,1625
11,2025-03-21,2317
11,2025-03-22,4730
11,2025-03-23,4055
11,2025-03-24,2708
11,2025-03-25,3188
11,2025-03-26,2816
11,2025-03-27,3379
11,2025-03-28,3526
11,2025-03-29,4061
11,2025-03-30,3276
11,2025-03-31,2803
12,2025-03-01,13940
12,2025-03-02,6418
12,2025-03-03,5275
12,2025-03-04,5356
12,2025-03-05,5146
12,2025-03-06,5815
12,2025-03-07,6329
12,2025-03-08,6793
12,2025-03-09,5850
12,2025-03-10,4606
12,2025-03-11,5128
12,2025-03-12,4992
12,2025-03-13,7330
12,2025-03-14,7444
12,2025-03-15,9781
12,2025-03-16,2906
12,2025-03-17,1694
12,2025-03-18,6427
12,2025-03-19,6304
12,2025-03-20,3719
12,2025-03-21,5210
12,2025-03-22,10187
12,2025-03-23,8665
12,2025-03-24,427
12,2025-03-25,5887
12,2025-03-26,5793
12,2025-03-27,7826
12,2025-03-28,9867
12,2025-03-29,9314
12,2025-03-30,5737
12,2025-03-31,5012
14,2025-03-01,5452
14,2025-03-02,3943
14,2025-03-03,4138
14,2025-03-04,8741
14,2025-03-05,6593
14,2025-03-06,6079
14,2025-03-07,5674
14,2025-03-08,3980
14,2025-03-09,5121
14,2025-03-10,3585
14,2025-03-11,7356
14,2025-03-12,4160
14,2025-03-13,8332
14,2025-03-14,7456
14,2025-03-15,4997
14,2025-03-16,3093
14,2025-03-17,4961
14,2025-03-18,6830
14,2025-03-19,6667
14,2025-03-20,5348
14,2025-03-21,5405
14,2025-03-22,6007
14,2025-03-23,5123
14,2025-03-24,5364
14,2025-03-25,6723
14,2025-03-26,5279
14,2025-03-27,8293
14,2025-03-28,5940
14,2025-03-29,5363
14,2025-03-30,4421
14,2025-03-31,3386
17,2025-03-01,4643
17,2025-03-02,3376
17,2025-03-03,9738
17,2025-03-04,12204
17,2025-03-05,11020
17,2025-03-06,11099
17,2025-03-07,8701
17,2025-03-08,4697
17,2025-03-09,3456
17,2025-03-10,2847
17,2025-03-11,11074
17,2025-03-12,11161
17,2025-03-13,13032
17,2025-03-14,10465
17,2025-03-15,4666
17,2025-03-16,2149
17,2025-03-17,11064
17,2025-03-18,13001
17,2025-03-19,12241
17,2025-03-20,11653
17,2025-03-21,9565
17,2025-03-22,5569
17,2025-03-23,3612
17,2025-03-24,9953
17,2025-03-25,12571
17,2025-03-26,11272
17,2025-03-27,13230
17,2025-03-28,9966
17,2025-03-29,5161
17,2025-03-30,3631
17,2025-03-31,9891
18,2025-03-01,2436
18,2025-03-02,1392
18,2025-03-03,7027
18,2025-03-04,9067
18,2025-03-05,8167
18,2025-03-06,7830
18,2025-03-07,6575
18,2025-03-08,2290
18,2025-03-09,1549
18,2025-03-10,1277
18,2025-03-11,8302
18,2025-03-12,8285
18,2025-03-13,8842
18,2025-03-14,6759
18,2025-03-15,2113
18,2025-03-16,727
18,2025-03-17,7533
18,2025-03-18,9109
18,2025-03-19,8532
18,2025-03-20,7591
18,2025-03-21,6155
18,2025-03-22,2460
18,2025-03-23,1523
18,2025-03-24,6313
18,2025-03-25,7843
18,2025-03-26,7383
18,2025-03-27,7097
18,2025-03-28,4266
18,2025-03-29,1417
18,2025-03-30,960
18,2025-03-31,4483
19,2025-03-01,18426
19,2025-03-02,14266
19,2025-03-03,11051
19,2025-03-04,13860
19,2025-03-05,15699
19,2025-03-06,12350
19,2025-03-07,15008
19,2025-03-08,18103
19,2025-03-09,17645
19,2025-03-10,14387
19,2025-03-11,11474
19,2025-03-12,10783
19,2025-03-13,12338
19,2025-03-14,14317
19,2025-03-15,16263
19,2025-03-16,12018
19,2025-03-17,11750
19,2025-03-18,11656
19,2025-03-19,11827
19,2025-03-20,10733
19,2025-03-21,14472
19,2025-03-22,18055
19,2025-03-23,15166
19,2025-03-24,10708
19,2025-03-25,11316
19,2025-03-26,11581
19,2025-03-27,12469
19,2025-03-28,15735
19,2025-03-29,18546
19,2025-03-30,15091
19,2025-03-31,11288
20,2025-03-01,11652
20,2025-03-02,9571
20,2025-03-03,5040
20,2025-03-04,5006
20,2025-03-05,5454
20,2025-03-06,7096
20,2025-03-07,8803
20,2025-03-08,10321
20,2025-03-09,9782
20,2025-03-10,5298
20,2025-03-11,5027
20,2025-03-12,5821
20,2025-03-13,8518
20,2025-03-14,10127
20,2025-03-15,10187
20,2025-03-16,7330
20,2025-03-17,6287
20,2025-03-18,6590
20,2025-03-19,6506
20,2025-03-20,6330
20,2025-03-21,9655
20,2025-03-22,12361
20,2025-03-23,10290
20,2025-03-24,5636
20,2025-03-25,6249
20,2025-03-26,7359
20,2025-03-27,8767
20,2025-03-28,11054
20,2025-03-29,15242
20,2025-03-30,12295
20,2025-03-31,6221
21,2025-03-01,11550
21,2025-03-02,8277
21,2025-03-03,7274
21,2025-03-04,7974
21,2025-03-05,8065
21,2025-03-06,8857
21,2025-03-07,9992
21,2025-03-08,11364
21,2025-03-09,11206
21,2025-03-10,8273
21,2025-03-11,7478
21,2025-03-12,7970
21,2025-03-13,9497
21,2025-03-14,10527
21,2025-03-15,9847
21,2025-03-16,6340
21,2025-03-17,8642
21,2025-03-18,8455
21,2025-03-19,8520
21,2025-03-20,7242
21,2025-03-21,10360
21,2025-03-22,12297
21,2025-03-23,8905
21,2025-03-24,7687
21,2025-03-25,8160
21,2025-03-26,8749
21,2025-03-27,9522
21,2025-03-28,11853
21,2025-03-29,13382
21,2025-03-30,10179
21,2025-03-31,7989
23,2025-03-01,6187
23,2025-03-02,4035
23,2025-03-03,8575
23,2025-03-04,10826
23,2025-03-05,10375
23,2025-03-06,9774
23,2025-03-07,8050
23,2025-03-08,4433
23,2025-03-09,3819
23,2025-03-10,3109
23,2025-03-11,9868
23,2025-03-12,10551
23,2025-03-13,13075
23,2025-03-14,10614
23,2025-03-15,7779
23,2025-03-16,5977
23,2025-03-17,9833
23,2025-03-18,11248
23,2025-03-19,11009
23,2025-03-20,10828
23,2025-03-21,8151
23,2025-03-22,5572
23,2025-03-23,4173
23,2025-03-24,8169
23,2025-03-25,10891
23,2025-03-26,9664
23,2025-03-27,11988
23,2025-03-28,9111
23,2025-03-29,4936
23,2025-03-30,3810
23,2025-03-31,7916
24,2025-03-01,20699
24,2025-03-02,14210
24,2025-03-03,22520
24,2025-03-04,26330
24,2025-03-05,25066
24,2025-03-06,27149
24,2025-03-07,23143
24,2025-03-08,16716
24,2025-03-09,15673
24,2025-03-10,2346
24,2025-03-11,19813
24,2025-03-12,25538
24,2025-03-13,32834
24,2025-03-14,34137
24,2025-03-15,25338
24,2025-03-16,19253
24,2025-03-17,24771
24,2025-03-18,27136
24,2025-03-19,27841
24,2025-03-20,27828
24,2025-03-21,25120
24,2025-03-22,18691
24,2025-03-23,14869
24,2025-03-24,22429
24,2025-03-25,26681
24,2025-03-26,25364
24,2025-03-27,28326
24,2025-03-28,26303
24,2025-03-29,18886
24,2025-03-30,14558
24,2025-03-31,22407
25,2025-03-01,22506
25,2025-03-02,16044
25,2025-03-03,15662
25,2025-03-04,14654
25,2025-03-05,12304
25,2025-03-06,13968
25,2025-03-07,17693
25,2025-03-08,18829
25,2025-03-09,16853
25,2025-03-10,12907
25,2025-03-11,14857
25,2025-03-12,14383
25,2025-03-13,15605
25,2025-03-14,15508
25,2025-03-15,15343
25,2025-03-16,7398
25,2025-03-17,16002
25,2025-03-18,13979
25,2025-03-19,13817
25,2025-03-20,11667
25,2025-03-21,19664
25,2025-03-22,25809
25,2025-03-23,20549
25,2025-03-24,13724
25,2025-03-25,14599
25,2025-03-26,13654
25,2025-03-27,13887
25,2025-03-28,17900
25,2025-03-29,21127
25,2025-03-30,16471
25,2025-03-31,12475
27,2025-03-01,5414
27,2025-03-02,5310
27,2025-03-03,2977
27,2025-03-04,3521
27,2025-03-05,3835
27,2025-03-06,3881
27,2025-03-07,3890
27,2025-03-08,4586
27,2025-03-09,4203
27,2025-03-10,2058
27,2025-03-11,3158
27,2025-03-12,3865
27,2025-03-13,3645
27,2025-03-14,3914
27,2025-03-15,4176
27,2025-03-16,3676
27,2025-03-17,3204
27,2025-03-18,3724
27,2025-03-19,3142
27,2025-03-20,3287
27,2025-03-21,4023
27,2025-03-22,5515
27,2025-03-23,5212
27,2025-03-24,2491
27,2025-03-25,3581
27,2025-03-26,3093
27,2025-03-27,3708
27,2025-03-28,3951
27,2025-03-29,4958
27,2025-03-30,4920
27,2025-03-31,2651
28,2025-03-01,26486
28,2025-03-02,19516
28,2025-03-03,18282
28,2025-03-04,17105
28,2025-03-05,16267
28,2025-03-06,19619
28,2025-03-07,23951
28,2025-03-08,27024
28,2025-03-09,23987
28,2025-03-10,22468
28,2025-03-11,18236
28,2025-03-12,19542
28,2025-03-13,22353
28,2025-03-14,29098
28,2025-03-15,34224
28,2025-03-16,21918
28,2025-03-17,19004
28,2025-03-18,21291
28,2025-03-19,24483
28,2025-03-20,18099
28,2025-03-21,23588
28,2025-03-22,29564
28,2025-03-23,23384
28,2025-03-24,19372
28,2025-03-25,18749
28,2025-03-26,16879
28,2025-03-27,17666
28,2025-03-28,25007
28,2025-03-29,25867
28,2025-03-30,21070
28,2025-03-31,16989
29,2025-03-01,11753
29,2025-03-02,8406
29,2025-03-03,7388
29,2025-03-04,6965
29,2025-03-05,7190
29,2025-03-06,19563
29,2025-03-07,25951
29,2025-03-08,54350
29,2025-03-09,64683
29,2025-03-10,60159
29,2025-03-11,6620
29,2025-03-12,6718
29,2025-03-13,10334
29,2025-03-14,11202
29,2025-03-15,18317
29,2025-03-16,5165
29,2025-03-17,8019
29,2025-03-18,8324
29,2025-03-19,8588
29,2025-03-20,6108
29,2025-03-21,8122
29,2025-03-22,14396
29,2025-03-23,12024
29,2025-03-24,6519
29,2025-03-25,7082
29,2025-03-26,6501
29,2025-03-27,7477
29,2025-03-28,9276
29,2025-03-29,11989
29,2025-03-30,10654
29,2025-03-31,6764
30,2025-03-01,13287
30,2025-03-02,10808
30,2025-03-03,7439
30,2025-03-04,8359
30,2025-03-05,8428
30,2025-03-06,9263
30,2025-03-07,10924
30,2025-03-08,13196
30,2025-03-09,12694
30,2025-03-10,8723
30,2025-03-11,7526
30,2025-03-12,8566
30,2025-03-13,9675
30,2025-03-14,11479
30,2025-03-15,12557
30,2025-03-16,10174
30,2025-03-17,8687
30,2025-03-18,8562
30,2025-03-19,8706
30,2025-03-20,8757
30,2025-03-21,10821
30,2025-03-22,13710
30,2025-03-23,11378
30,2025-03-24,7433
30,2025-03-25,8500
30,2025-03-26,9074
30,2025-03-27,10170
30,2025-03-28,12592
30,2025-03-29,14553
30,2025-03-30,12045
30,2025-03-31,7522
31,2025-03-01,7373
31,2025-03-02,6005
31,2025-03-03,4009
31,2025-03-04,3981
31,2025-03-05,4104
31,2025-03-06,4280
31,2025-03-07,5526
31,2025-03-08,6999
31,2025-03-09,7445
31,2025-03-10,4629
31,2025-03-11,3818
31,2025-03-12,3806
31,2025-03-13,5220
31,2025-03-14,6683
31,2025-03-15,8119
31,2025-03-16,5425
31,2025-03-17,4264
31,2025-03-18,4095
31,2025-03-19,4543
31,2025-03-20,3821
31,2025-03-21,5902
31,2025-03-22,8108
31,2025-03-23,5917
31,2025-03-24,3621
31,2025-03-25,4201
31,2025-03-26,4582
31,2025-03-27,5116
31,2025-03-28,6227
31,2025-03-29,7182
31,2025-03-30,6134
31,2025-03-31,4656
35,2025-03-01,43330
35,2025-03-02,30129
35,2025-03-03,30875
35,2025-03-04,35237
35,2025-03-05,32914
35,2025-03-06,36391
35,2025-03-07,43004
35,2025-03-08,54685
35,2025-03-09,53901
35,2025-03-10,41328
35,2025-03-11,34988
35,2025-03-12,35220
35,2025-03-13,43923
35,2025-03-14,44994
35,2025-03-15,45676
35,2025-03-16,20769
35,2025-03-17,39187
35,2025-03-18,42518
35,2025-03-19,37355
35,2025-03-20,32044
35,2025-03-21,38951
35,2025-03-22,50375
35,2025-03-23,36249
35,2025-03-24,31875
35,2025-03-25,35545
35,2025-03-26,33394
35,2025-03-27,38578
35,2025-03-28,39499
35,2025-03-29,42695
35,2025-03-30,28609
35,2025-03-31,28581
36,2025-03-01,6287
36,2025-03-02,4026
36,2025-03-03,5399
36,2025-03-04,6326
36,2025-03-05,6222
36,2025-03-06,6862
36,2025-03-07,6556
36,2025-03-08,5496
36,2025-03-09,3834
36,2025-03-10,2870
36,2025-03-11,5951
36,2025-03-12,6457
36,2025-03-13,7386
36,2025-03-14,7087
36,2025-03-15,6069
36,2025-03-16,3376
36,2025-03-17,7007
36,2025-03-18,6483
36,2025-03-19,6584
36,2025-03-20,6784
36,2025-03-21,6566
36,2025-03-22,5503
36,2025-03-23,3604
36,2025-03-24,5213
36,2025-03-25,6367
36,2025-03-26,6242
36,2025-03-27,6881
36,2025-03-28,6739
36,2025-03-29,5907
36,2025-03-30,3220
36,2025-03-31,5280
37,2025-03-01,2657
37,2025-03-02,1115
37,2025-03-03,2065
37,2025-03-04,2447
37,2025-03-05,1896
37,2025-03-06,2093
37,2025-03-07,1834
37,2025-03-08,2034
37,2025-03-09,1173
37,2025-03-10,1862
37,2025-03-11,1955
37,2025-03-12,1864
37,2025-03-13,2289
37,2025-03-14,1106
37,2025-03-15,2093
37,2025-03-16,896
37,2025-03-17,2550
37,2025-03-18,2037
37,2025-03-19,1836
37,2025-03-20,2092
37,2025-03-21,2541
37,2025-03-22,2696
37,2025-03-23,1127
37,2025-03-24,2129
37,2025-03-25,2461
37,2025-03-26,2308
37,2025-03-27,2716
37,2025-03-28,1191
37,2025-03-29,3404
37,2025-03-30,1164
37,2025-03-31,2095
39,2025-03-01,1893
39,2025-03-02,1274
39,2025-03-03,2688
39,2025-03-04,3085
39,2025-03-05,2900
39,2025-03-06,2832
39,2025-03-07,2579
39,2025-03-08,1646
39,2025-03-09,1290
39,2025-03-10,917
39,2025-03-11,3282
39,2025-03-12,3005
39,2025-03-13,2911
39,2025-03-14,2829
39,2025-03-15,1555
39,2025-03-16,740
39,2025-03-17,2674
39,2025-03-18,3116
39,2025-03-19,3041
39,2025-03-20,2855
39,2025-03-21,2465
39,2025-03-22,1500
39,2025-03-23,1042
39,2025-03-24,2577
39,2025-03-25,3027
39,2025-03-26,2979
39,2025-03-27,2878
39,2025-03-28,2746
39,2025-03-29,1600
39,2025-03-30,1048
39,2025-03-31,30
40,2025-03-01,4612
40,2025-03-02,3167
40,2025-03-03,5462
40,2025-03-04,6956
40,2025-03-05,6628
40,2025-03-06,6964
40,2025-03-07,6300
40,2025-03-08,5066
40,2025-03-09,4308
40,2025-03-10,1881
40,2025-03-11,5744
40,2025-03-12,6555
40,2025-03-13,7174
40,2025-03-14,5759
40,2025-03-15,3552
40,2025-03-16,3106
40,2025-03-17,5272
40,2025-03-18,7444
40,2025-03-19,7740
40,2025-03-20,7644
40,2025-03-21,6173
40,2025-03-22,4930
40,2025-03-23,3889
40,2025-03-24,5908
40,2025-03-25,7344
40,2025-03-26,9594
40,2025-03-27,9282
40,2025-03-28,8033
40,2025-03-29,6564
40,2025-03-30,4880
40,2025-03-31,5807
41,2025-03-01,50487
41,2025-03-02,35851
41,2025-03-03,41054
41,2025-03-04,38804
41,2025-03-05,39695
41,2025-03-06,48314
41,2025-03-07,44675
41,2025-03-08,50119
41,2025-03-09,46441
41,2025-03-10,37813
41,2025-03-11,39654
41,2025-03-12,35739
41,2025-03-13,46443
41,2025-03-14,55813
41,2025-03-15,51182
41,2025-03-16,30695
41,2025-03-17,41512
41,2025-03-18,41493
41,2025-03-19,45057
41,2025-03-20,46149
41,2025-03-21,49085
41,2025-03-22,50766
41,2025-03-23,38552
41,2025-03-24,37900
41,2025-03-25,42037
41,2025-03-26,38721
41,2025-03-27,42994
41,2025-03-28,51889
41,2025-03-29,52608
41,2025-03-30,40425
41,2025-03-31,35619
42,2025-03-01,1458
42,2025-03-02,1785
42,2025-03-03,13714
42,2025-03-04,4376
42,2025-03-05,3441
42,2025-03-07,9576
42,2025-03-08,303
42,2025-03-09,300
42,2025-03-11,2175
42,2025-03-12,1561
42,2025-03-14,1986
42,2025-03-15,256
42,2025-03-16,72
42,2025-03-17,9820
42,2025-03-18,1804
42,2025-03-19,13
42,2025-03-20,2775
42,2025-03-21,8496
42,2025-03-22,2207
42,2025-03-23,1899
42,2025-03-24,8880
42,2025-03-25,10085
42,2025-03-26,11921
42,2025-03-27,11993
42,2025-03-28,10073
42,2025-03-29,2023
42,2025-03-30,2050
42,2025-03-31,11032
43,2025-03-01,1933
43,2025-03-02,2139
43,2025-03-03,7908
43,2025-03-04,1710
43,2025-03-05,8715
43,2025-03-06,8107
43,2025-03-07,6535
43,2025-03-08,1875
43,2025-03-09,1569
43,2025-03-10,2046
43,2025-03-11,8112
43,2025-03-12,8412
43,2025-03-13,8493
43,2025-03-14,7463
43,2025-03-15,1823
43,2025-03-16,1054
43,2025-03-17,7869
43,2025-03-18,8424
43,2025-03-19,8435
43,2025-03-20,6629
43,2025-03-21,5726
43,2025-03-22,2092
43,2025-03-23,1819
43,2025-03-24,7407
43,2025-03-25,7763
43,2025-03-26,7877
43,2025-03-27,7670
43,2025-03-28,6297
43,2025-03-29,2091
43,2025-03-30,2519
43,2025-03-31,6616
44,2025-03-01,1238
44,2025-03-02,1343
44,2025-03-03,3882
44,2025-03-04,3236
44,2025-03-05,3584
44,2025-03-06,3527
44,2025-03-07,3092
44,2025-03-08,1259
44,2025-03-09,1049
44,2025-03-10,1351
44,2025-03-11,3444
44,2025-03-12,3459
44,2025-03-13,3699
44,2025-03-14,3476
44,2025-03-15,1232
44,2025-03-16,719
44,2025-03-17,3239
44,2025-03-18,3295
44,2025-03-19,3362
44,2025-03-20,2634
44,2025-03-21,2386
44,2025-03-22,1352
44,2025-03-23,1068
44,2025-03-24,3043
44,2025-03-25,3126
44,2025-03-26,3231
44,2025-03-27,3117
44,2025-03-28,2806
44,2025-03-29,1298
44,2025-03-30,1590
44,2025-03-31,2794
45,2025-03-01,19208
45,2025-03-02,12539
45,2025-03-03,13177
45,2025-03-04,14671
45,2025-03-05,14004
45,2025-03-06,17711
45,2025-03-07,18102
45,2025-03-08,21187
45,2025-03-09,19621
45,2025-03-10,15940
45,2025-03-11,14570
45,2025-03-12,15202
45,2025-03-13,17430
45,2025-03-14,20399
45,2025-03-15,22090
45,2025-03-16,10859
45,2025-03-17,14791
45,2025-03-18,15402
45,2025-03-19,16220
45,2025-03-20,14180
45,2025-03-21,17648
45,2025-03-22,19564
45,2025-03-23,17480
45,2025-03-24,13409
45,2025-03-25,14755
45,2025-03-26,15407
45,2025-03-27,18298
45,2025-03-28,22175
45,2025-03-29,23843
45,2025-03-30,19155
45,2025-03-31,14441
46,2025-03-01,1045
46,2025-03-02,1034
46,2025-03-03,3732
46,2025-03-04,3687
46,2025-03-05,3734
46,2025-03-06,3297
46,2025-03-07,2651
46,2025-03-08,1052
46,2025-03-09,822
46,2025-03-10,1025
46,2025-03-11,3424
46,2025-03-12,3668
46,2025-03-13,3593
46,2025-03-14,2789
46,2025-03-15,934
46,2025-03-16,506
46,2025-03-17,3350
46,2025-03-18,3554
46,2025-03-19,3547
46,2025-03-20,2832
46,2025-03-21,2474
46,2025-03-22,1266
46,2025-03-23,1043
46,2025-03-24,3260
46,2025-03-25,3529
46,2025-03-26,3488
46,2025-03-27,3677
46,2025-03-28,2664
46,2025-03-29,1216
46,2025-03-30,978
46,2025-03-31,3132
47,2025-03-01,25931
47,2025-03-02,22142
47,2025-03-03,20630
47,2025-03-04,20983
47,2025-03-05,21131
47,2025-03-06,22792
47,2025-03-07,23989
47,2025-03-08,24384
47,2025-03-09,22483
47,2025-03-10,16791
47,2025-03-11,19058
47,2025-03-12,19240
47,2025-03-13,24264
47,2025-03-14,23645
47,2025-03-15,22608
47,2025-03-16,14441
47,2025-03-17,22759
47,2025-03-18,22839
47,2025-03-19,21743
47,2025-03-20,19499
47,2025-03-21,23060
47,2025-03-22,26645
47,2025-03-23,22291
47,2025-03-24,18355
47,2025-03-25,20290
47,2025-03-26,19738
47,2025-03-27,23224
47,2025-03-28,25234
47,2025-03-29,25129
47,2025-03-30,20560
47,2025-03-31,19007
48,2025-03-01,8064
48,2025-03-02,8451
48,2025-03-03,3323
48,2025-03-04,5792
48,2025-03-05,7270
48,2025-03-06,6208
48,2025-03-07,5952
48,2025-03-08,7120
48,2025-03-09,6481
48,2025-03-10,2584
48,2025-03-11,5068
48,2025-03-12,7795
48,2025-03-13,5647
48,2025-03-14,5706
48,2025-03-15,6686
48,2025-03-16,4976
48,2025-03-17,3875
48,2025-03-18,6482
48,2025-03-19,4158
48,2025-03-20,5699
48,2025-03-21,5930
48,2025-03-22,8597
48,2025-03-23,9070
48,2025-03-24,3045
48,2025-03-25,5766
48,2025-03-26,4148
48,2025-03-27,6165
48,2025-03-28,6334
48,2025-03-29,8516
48,2025-03-30,8580
48,2025-03-31,3115
49,2025-03-01,11083
49,2025-03-02,10218
49,2025-03-03,7297
49,2025-03-04,8627
49,2025-03-05,9705
49,2025-03-06,8807
49,2025-03-07,9615
49,2025-03-08,10317
49,2025-03-09,9444
49,2025-03-10,5668
49,2025-03-11,7899
49,2025-03-12,9184
49,2025-03-13,8588
49,2025-03-14,9546
49,2025-03-15,9256
49,2025-03-16,7346
49,2025-03-17,7426
49,2025-03-18,9530
49,2025-03-19,7987
49,2025-03-20,8510
49,2025-03-21,9054
49,2025-03-22,12266
49,2025-03-23,11477
49,2025-03-24,6527
49,2025-03-25,9256
49,2025-03-26,7524
49,2025-03-27,9854
49,2025-03-28,9716
49,2025-03-29,10907
49,2025-03-30,10374
49,2025-03-31,7187
50,2025-03-01,7271
50,2025-03-02,5561
50,2025-03-03,4910
50,2025-03-04,4473
50,2025-03-05,4481
50,2025-03-06,4828
50,2025-03-07,5733
50,2025-03-08,7143
50,2025-03-09,5773
50,2025-03-10,4975
50,2025-03-11,4321
50,2025-03-12,4514
50,2025-03-13,5050
50,2025-03-14,5982
50,2025-03-15,6862
50,2025-03-16,4611
50,2025-03-17,5273
50,2025-03-18,4581
50,2025-03-19,4792
50,2025-03-20,4339
50,2025-03-21,5895
50,2025-03-22,7409
50,2025-03-23,5456
50,2025-03-24,4685
50,2025-03-25,4490
50,2025-03-26,4877
50,2025-03-27,5007
50,2025-03-28,6641
50,2025-03-29,7786
50,2025-03-30,5727
50,2025-03-31,4627
51,2025-03-01,4031
51,2025-03-02,3373
51,2025-03-03,2666
51,2025-03-04,2080
51,2025-03-05,3490
51,2025-03-06,3167
51,2025-03-07,3251
51,2025-03-08,3722
51,2025-03-09,3511
51,2025-03-10,2396
51,2025-03-11,2657
51,2025-03-12,3053
51,2025-03-13,3376
51,2025-03-14,3235
51,2025-03-15,3211
51,2025-03-16,2241
51,2025-03-17,2601
51,2025-03-18,3053
51,2025-03-19,3136
51,2025-03-20,2619
51,2025-03-21,2990
51,2025-03-22,3901
51,2025-03-23,3487
51,2025-03-24,2573
51,2025-03-25,2752
51,2025-03-26,2763
51,2025-03-27,3100
51,2025-03-28,3426
51,2025-03-29,3551
51,2025-03-30,3066
51,2025-03-31,2620
52,2025-03-01,10861
52,2025-03-02,7468
52,2025-03-03,7762
52,2025-03-04,8582
52,2025-03-05,7374
52,2025-03-06,9058
52,2025-03-07,9920
52,2025-03-08,10077
52,2025-03-09,7714
52,2025-03-10,6083
52,2025-03-11,8088
52,2025-03-12,8098
52,2025-03-13,9825
52,2025-03-14,10295
52,2025-03-15,10100
52,2025-03-16,5250
52,2025-03-17,9267
52,2025-03-18,9003
52,2025-03-19,8981
52,2025-03-20,8597
52,2025-03-21,10284
52,2025-03-22,11442
52,2025-03-23,8570
52,2025-03-24,8251
52,2025-03-25,8879
52,2025-03-26,8854
52,2025-03-27,9078
52,2025-03-28,10352
52,2025-03-29,11122
52,2025-03-30,8147
52,2025-03-31,7792
53,2025-03-01,15314
53,2025-03-02,10315
53,2025-03-03,13108
53,2025-03-04,14606
53,2025-03-05,13934
53,2025-03-06,15318
53,2025-03-07,14820
53,2025-03-08,13387
53,2025-03-09,10772
53,2025-03-10,8894
53,2025-03-11,13856
53,2025-03-12,15513
53,2025-03-13,17394
53,2025-03-14,16160
53,2025-03-15,13142
53,2025-03-16,6727
53,2025-03-17,15608
53,2025-03-18,14478
53,2025-03-19,14727
53,2025-03-20,12941
53,2025-03-21,14090
53,2025-03-22,13749
53,2025-03-23,10563
53,2025-03-24,12191
53,2025-03-25,13557
53,2025-03-26,14309
53,2025-03-27,15063
53,2025-03-28,15639
53,2025-03-29,15151
53,2025-03-30,10856
53,2025-03-31,12422
54,2025-03-01,3483
54,2025-03-02,3446
54,2025-03-03,7158
54,2025-03-04,7537
54,2025-03-05,7174
54,2025-03-06,7196
54,2025-03-07,6722
54,2025-03-08,3482
54,2025-03-09,2851
54,2025-03-10,2883
54,2025-03-11,6136
54,2025-03-12,6613
54,2025-03-13,7262
54,2025-03-14,7441
54,2025-03-15,3424
54,2025-03-16,2924
54,2025-03-17,6498
54,2025-03-18,7330
54,2025-03-19,6865
54,2025-03-20,5827
54,2025-03-21,6363
54,2025-03-22,3823
54,2025-03-23,3660
54,2025-03-24,5882
54,2025-03-25,6794
54,2025-03-26,6438
54,2025-03-27,6722
54,2025-03-28,6710
54,2025-03-29,3284
54,2025-03-30,3235
54,2025-03-31,5627
56,2025-03-01,11823
56,2025-03-02,9364
56,2025-03-03,8947
56,2025-03-04,9360
56,2025-03-05,9368
56,2025-03-06,8941
56,2025-03-07,10678
56,2025-03-08,11799
56,2025-03-09,10935
56,2025-03-10,7481
56,2025-03-11,9167
56,2025-03-12,9380
56,2025-03-13,10483
56,2025-03-14,10822
56,2025-03-15,11201
56,2025-03-16,8358
56,2025-03-17,9461
56,2025-03-18,9796
56,2025-03-19,9531
56,2025-03-20,8880
56,2025-03-21,10870
56,2025-03-22,11314
56,2025-03-23,9988
56,2025-03-24,8853
56,2025-03-25,9607
56,2025-03-26,9047
56,2025-03-27,9911
56,2025-03-28,11027
56,2025-03-29,11351
56,2025-03-30,9212
56,2025-03-31,2075
58,2025-03-01,20772
58,2025-03-02,11398
58,2025-03-03,16260
58,2025-03-04,19254
58,2025-03-05,18703
58,2025-03-06,20435
58,2025-03-07,17450
58,2025-03-08,13272
58,2025-03-09,12139
58,2025-03-10,10073
58,2025-03-11,18831
58,2025-03-12,18917
58,2025-03-13,21613
58,2025-03-14,1521
58,2025-03-15,16912
58,2025-03-16,9739
58,2025-03-17,18325
58,2025-03-18,19699
58,2025-03-19,19542
58,2025-03-20,18660
58,2025-03-21,18295
58,2025-03-22,17842
58,2025-03-23,13949
58,2025-03-24,16782
58,2025-03-25,19640
58,2025-03-26,19525
58,2025-03-27,22947
58,2025-03-28,23347
58,2025-03-29,18758
58,2025-03-30,11825
58,2025-03-31,16317
59,2025-03-01,4847
59,2025-03-02,4077
59,2025-03-03,32013
59,2025-03-04,30280
59,2025-03-05,30082
59,2025-03-06,28639
59,2025-03-07,24008
59,2025-03-08,5061
59,2025-03-09,4276
59,2025-03-10,4805
59,2025-03-11,28634
59,2025-03-12,29537
59,2025-03-13,26872
59,2025-03-14,24694
59,2025-03-15,4809
59,2025-03-16,2429
59,2025-03-17,28134
59,2025-03-18,26501
59,2025-03-19,27100
59,2025-03-20,23436
59,2025-03-21,21489
59,2025-03-22,5927
59,2025-03-23,4770
59,2025-03-24,25218
59,2025-03-25,24769
59,2025-03-26,24658
59,2025-03-27,23010
59,2025-03-28,24732
59,2025-03-29,7538
59,2025-03-30,6174
59,2025-03-31,24517
61,2025-03-01,17235
61,2025-03-02,16473
61,2025-03-03,28364
61,2025-03-04,25129
61,2025-03-05,26865
61,2025-03-06,27267
61,2025-03-07,26666
61,2025-03-08,15923
61,2025-03-09,15365
61,2025-03-10,12765
61,2025-03-11,26041
61,2025-03-12,23757
61,2025-03-13,25660
61,2025-03-14,29813
61,2025-03-15,17850
61,2025-03-16,9643
61,2025-03-17,24110
61,2025-03-18,25712
61,2025-03-19,26527
61,2025-03-20,20256
61,2025-03-21,22176
61,2025-03-22,15983
61,2025-03-23,15883
61,2025-03-24,22826
61,2025-03-25,23968
61,2025-03-26,22041
61,2025-03-27,23032
61,2025-03-28,22190
61,2025-03-29,13697
61,2025-03-30,12830
61,2025-03-31,18273
62,2025-03-01,8873
62,2025-03-02,7034
62,2025-03-03,8570
62,2025-03-04,8497
62,2025-03-05,8650
62,2025-03-06,8872
62,2025-03-07,8520
62,2025-03-08,5872
62,2025-03-09,5419
62,2025-03-10,4705
62,2025-03-11,5998
62,2025-03-12,9157
62,2025-03-13,9540
62,2025-03-14,8588
62,2025-03-15,7791
62,2025-03-16,5587
62,2025-03-17,7857
62,2025-03-18,7732
62,2025-03-19,7678
62,2025-03-20,6866
62,2025-03-21,8192
62,2025-03-22,7787
62,2025-03-23,6752
62,2025-03-24,7560
62,2025-03-25,7526
62,2025-03-26,7110
62,2025-03-27,7457
62,2025-03-28,8571
62,2025-03-29,7715
62,2025-03-30,6323
62,2025-03-31,6574
63,2025-03-01,11695
63,2025-03-02,8189
63,2025-03-03,8358
63,2025-03-04,8886
63,2025-03-05,8978
63,2025-03-06,10448
63,2025-03-07,9752
63,2025-03-08,9667
63,2025-03-09,8397
63,2025-03-10,5989
63,2025-03-11,8172
63,2025-03-12,8532
63,2025-03-13,10688
63,2025-03-14,11512
63,2025-03-15,10204
63,2025-03-16,5599
63,2025-03-17,8968
63,2025-03-18,9676
63,2025-03-19,9946
63,2025-03-20,8904
63,2025-03-21,10521
63,2025-03-22,11653
63,2025-03-23,8363
63,2025-03-24,7799
63,2025-03-25,9083
63,2025-03-26,9482
63,2025-03-27,11078
63,2025-03-28,11400
63,2025-03-29,13456
63,2025-03-30,9731
63,2025-03-31,7811
66,2025-03-01,37484
66,2025-03-02,31487
66,2025-03-03,33447
66,2025-03-04,34084
66,2025-03-05,34937
66,2025-03-06,37471
66,2025-03-07,36914
66,2025-03-08,35437
66,2025-03-09,33062
66,2025-03-10,28792
66,2025-03-11,32825
66,2025-03-12,31169
66,2025-03-13,36628
66,2025-03-14,36360
66,2025-03-15,38928
66,2025-03-16,21400
66,2025-03-17,33252
66,2025-03-18,32831
66,2025-03-19,34214
66,2025-03-20,27336
66,2025-03-21,34229
66,2025-03-22,35991
66,2025-03-23,34165
66,2025-03-24,31893
66,2025-03-25,32755
66,2025-03-26,33399
66,2025-03-27,33682
66,2025-03-28,36990
66,2025-03-29,36299
66,2025-03-30,31367
66,2025-03-31,30735
67,2025-03-01,13577
67,2025-03-02,8886
67,2025-03-03,11067
67,2025-03-04,13553
67,2025-03-05,13474
67,2025-03-06,14508
67,2025-03-07,13920
67,2025-03-08,13165
67,2025-03-09,10192
67,2025-03-10,9824
67,2025-03-11,12151
67,2025-03-12,14610
67,2025-03-13,14847
67,2025-03-14,15383
67,2025-03-15,10630
67,2025-03-16,4713
67,2025-03-17,13328
67,2025-03-18,13514
67,2025-03-19,12558
67,2025-03-20,11150
67,2025-03-21,13453
67,2025-03-22,13445
67,2025-03-23,9270
67,2025-03-24,11209
67,2025-03-25,11428
67,2025-03-26,12988
67,2025-03-27,13449
67,2025-03-28,14444
67,2025-03-29,13926
67,2025-03-30,9594
67,2025-03-31,10414
68,2025-03-01,7792
68,2025-03-02,6365
68,2025-03-03,6113
68,2025-03-04,6766
68,2025-03-05,6497
68,2025-03-06,7454
68,2025-03-07,7585
68,2025-03-08,7404
68,2025-03-09,6729
68,2025-03-10,5695
68,2025-03-11,6882
68,2025-03-12,7326
68,2025-03-13,8792
68,2025-03-14,8271
68,2025-03-15,8098
68,2025-03-16,4189
68,2025-03-17,8837
68,2025-03-18,7843
68,2025-03-19,7579
68,2025-03-20,7392
68,2025-03-21,8298
68,2025-03-22,9496
68,2025-03-23,6579
68,2025-03-24,7201
68,2025-03-25,7256
68,2025-03-26,7826
68,2025-03-27,8206
68,2025-03-28,8350
68,2025-03-29,9391
68,2025-03-30,6813
68,2025-03-31,7120
69,2025-03-01,6078
69,2025-03-02,4338
69,2025-03-03,4627
69,2025-03-04,4728
69,2025-03-05,5013
69,2025-03-06,5318
69,2025-03-07,5607
69,2025-03-08,5625
69,2025-03-09,3773
69,2025-03-10,4361
69,2025-03-11,5103
69,2025-03-12,5606
69,2025-03-13,5791
69,2025-03-14,6003
69,2025-03-15,4934
69,2025-03-16,2194
69,2025-03-17,4074
69,2025-03-18,5604
69,2025-03-19,4965
69,2025-03-20,4685
69,2025-03-21,6037
69,2025-03-22,6891
69,2025-03-23,4446
69,2025-03-24,4681
69,2025-03-25,4594
69,2025-03-26,4858
69,2025-03-27,5145
69,2025-03-28,6276
69,2025-03-29,6912
69,2025-03-30,5032
69,2025-03-31,5095
70,2025-03-01,4944
70,2025-03-02,1106
70,2025-03-03,3590
70,2025-03-04,4032
70,2025-03-05,4145
70,2025-03-06,4091
70,2025-03-07,4382
70,2025-03-08,4313
70,2025-03-09,2847
70,2025-03-10,2594
70,2025-03-11,3727
70,2025-03-12,3701
70,2025-03-13,4084
70,2025-03-14,4887
70,2025-03-15,5066
70,2025-03-16,2816
70,2025-03-17,3509
70,2025-03-18,3855
70,2025-03-19,4603
70,2025-03-20,3698
70,2025-03-21,3927
70,2025-03-22,4866
70,2025-03-23,3220
70,2025-03-24,3244
70,2025-03-25,3985
70,2025-03-26,4248
70,2025-03-27,4271
70,2025-03-28,5140
70,2025-03-29,4911
70,2025-03-30,4105
70,2025-03-31,3374
71,2025-03-01,562
71,2025-03-02,217
71,2025-03-03,585
71,2025-03-04,599
71,2025-03-05,641
71,2025-03-06,518
71,2025-03-07,486
71,2025-03-08,269
71,2025-03-09,216
71,2025-03-10,172
71,2025-03-11,495
71,2025-03-12,489
71,2025-03-13,627
71,2025-03-14,643
71,2025-03-15,275
71,2025-03-16,166
71,2025-03-17,563
71,2025-03-18,594
71,2025-03-19,689
71,2025-03-20,679
71,2025-03-21,556
71,2025-03-22,218
71,2025-03-23,199
71,2025-03-24,652
71,2025-03-25,618
71,2025-03-26,734
71,2025-03-27,817
71,2025-03-28,633
71,2025-03-29,361
71,2025-03-30,313
71,2025-03-31,793
72,2025-03-01,11812
72,2025-03-02,6546
72,2025-03-03,7945
72,2025-03-04,8948
72,2025-03-05,8792
72,2025-03-06,9250
72,2025-03-07,10394
72,2025-03-08,11461
72,2025-03-09,12251
72,2025-03-10,12828
72,2025-03-11,9256
72,2025-03-12,11742
72,2025-03-13,16586
72,2025-03-14,1462
72,2025-03-15,13756
72,2025-03-16,4026
72,2025-03-17,8521
72,2025-03-18,8860
72,2025-03-19,9246
72,2025-03-20,8514
72,2025-03-21,10005
72,2025-03-22,9950
72,2025-03-23,6928
72,2025-03-24,6984
72,2025-03-25,7731
72,2025-03-26,8546
72,2025-03-27,9353
72,2025-03-28,9687
72,2025-03-29,10494
72,2025-03-30,7784
72,2025-03-31,7023
75,2025-03-01,1208
75,2025-03-02,989
75,2025-03-03,1437
75,2025-03-04,2024
75,2025-03-05,1873
75,2025-03-06,1783
75,2025-03-07,1586
75,2025-03-08,1293
75,2025-03-09,1057
75,2025-03-10,713
75,2025-03-11,1407
75,2025-03-12,1652
75,2025-03-13,2732
75,2025-03-14,2075
75,2025-03-15,1
75,2025-03-16,497
75,2025-03-17,1521
75,2025-03-18,1753
75,2025-03-19,1897
75,2025-03-20,1827
75,2025-03-21,1842
75,2025-03-22,1762
75,2025-03-23,1044
75,2025-03-24,1396
75,2025-03-25,2049
75,2025-03-26,1877
75,2025-03-27,2635
75,2025-03-28,2102
75,2025-03-29,1436
75,2025-03-30,982
75,2025-03-31,1300
76,2025-03-01,1500
76,2025-03-02,1013
76,2025-03-03,1581
76,2025-03-04,1479
76,2025-03-05,1519
76,2025-03-06,1526
76,2025-03-07,1626
76,2025-03-08,1263
76,2025-03-09,874
76,2025-03-10,904
76,2025-03-11,1405
76,2025-03-12,1454
76,2025-03-13,1599
76,2025-03-14,1684
76,2025-03-15,1615
76,2025-03-16,619
76,2025-03-17,1533
76,2025-03-18,1456
76,2025-03-19,1489
76,2025-03-20,1225
76,2025-03-21,1527
76,2025-03-22,1427
76,2025-03-23,1070
76,2025-03-24,1458
76,2025-03-25,1540
76,2025-03-26,1461
76,2025-03-27,1533
76,2025-03-28,1792
76,2025-03-29,1347
76,2025-03-30,1065
76,2025-03-31,1370
77,2025-03-01,10048
77,2025-03-02,4501
77,2025-03-03,4623
77,2025-03-04,4602
77,2025-03-05,4481
77,2025-03-06,4763
77,2025-03-07,4436
77,2025-03-08,4020
77,2025-03-09,3606
77,2025-03-10,2915
77,2025-03-11,4305
77,2025-03-12,4005
77,2025-03-13,6085
77,2025-03-14,5666
77,2025-03-15,6791
77,2025-03-16,2057
77,2025-03-17,4844
77,2025-03-18,5418
77,2025-03-19,5294
77,2025-03-20,3054
77,2025-03-21,4073
77,2025-03-22,7431
77,2025-03-23,6346
77,2025-03-24,4515
77,2025-03-25,5118
77,2025-03-26,5052
77,2025-03-27,6307
77,2025-03-28,7911
77,2025-03-29,6520
77,2025-03-30,4125
77,2025-03-31,4451
78,2025-03-01,2818
78,2025-03-02,1350
78,2025-03-03,1620
78,2025-03-04,1819
78,2025-03-05,1883
78,2025-03-06,1742
78,2025-03-07,1506
78,2025-03-08,1367
78,2025-03-09,1326
78,2025-03-10,1252
78,2025-03-11,1663
78,2025-03-12,1575
78,2025-03-13,1869
78,2025-03-14,1760
78,2025-03-15,1889
78,2025-03-16,846
78,2025-03-17,1501
78,2025-03-18,1814
78,2025-03-19,1841
78,2025-03-20,1286
78,2025-03-21,1172
78,2025-03-22,1812
78,2025-03-23,1825
78,2025-03-24,1558
78,2025-03-25,1876
78,2025-03-26,1779
78,2025-03-27,1919
78,2025-03-28,1983
78,2025-03-29,1447
78,2025-03-30,1436
78,2025-03-31,1575
79,2025-03-01,18624
79,2025-03-02,12708
79,2025-03-03,12978
79,2025-03-04,14297
79,2025-03-05,14540
79,2025-03-06,16190
79,2025-03-07,17919
79,2025-03-08,21070
79,2025-03-09,21204
79,2025-03-10,17951
79,2025-03-11,13318
79,2025-03-12,15279
79,2025-03-13,18742
79,2025-03-14,21043
79,2025-03-15,24216
79,2025-03-16,11721
79,2025-03-17,14561
79,2025-03-18,15117
79,2025-03-19,15032
79,2025-03-20,15160
79,2025-03-21,16983
79,2025-03-22,17905
79,2025-03-23,13052
79,2025-03-24,12079
79,2025-03-25,13637
79,2025-03-26,13689
79,2025-03-27,14734
79,2025-03-28,15702
79,2025-03-29,18229
79,2025-03-30,13087
79,2025-03-31,12052
84,2025-03-01,33001
84,2025-03-02,25599
84,2025-03-03,28357
84,2025-03-04,31680
84,2025-03-05,31415
84,2025-03-06,33104
84,2025-03-07,34050
84,2025-03-08,34896
84,2025-03-09,33552
84,2025-03-10,28732
84,2025-03-11,31446
84,2025-03-12,33313
84,2025-03-13,36814
84,2025-03-14,36839
84,2025-03-15,34443
84,2025-03-16,21398
84,2025-03-17,32679
84,2025-03-18,32708
84,2025-03-19,31998
84,2025-03-20,31235
84,2025-03-21,33517
84,2025-03-22,33555
84,2025-03-23,26512
84,2025-03-24,28147
84,2025-03-25,30430
84,2025-03-26,30466
84,2025-03-27,32222
84,2025-03-28,32222
84,2025-03-29,32355
84,2025-03-30,25897
84,2025-03-31,28833
85,2025-03-01,2292
85,2025-03-02,1741
85,2025-03-03,2101
85,2025-03-04,2245
85,2025-03-05,2234
85,2025-03-06,2232
85,2025-03-07,2649
85,2025-03-08,2225
85,2025-03-09,1567
85,2025-03-10,1489
85,2025-03-11,2063
85,2025-03-12,2098
85,2025-03-13,2399
85,2025-03-14,2666
85,2025-03-15,2476
85,2025-03-16,1392
85,2025-03-17,2151
85,2025-03-18,2262
85,2025-03-19,2234
85,2025-03-20,2030
85,2025-03-21,2437
85,2025-03-22,2274
85,2025-03-23,1586
85,2025-03-24,1936
85,2025-03-25,2068
85,2025-03-26,2110
85,2025-03-27,2224
85,2025-03-28,2741
85,2025-03-29,2357
85,2025-03-30,1671
85,2025-03-31,1818
86,2025-03-01,1635
86,2025-03-02,1416
86,2025-03-03,1391
86,2025-03-04,1481
86,2025-03-05,1477
86,2025-03-06,1494
86,2025-03-07,1548
86,2025-03-08,1270
86,2025-03-09,931
86,2025-03-10,837
86,2025-03-11,1475
86,2025-03-12,1432
86,2025-03-13,1685
86,2025-03-14,1595
86,2025-03-15,1537
86,2025-03-16,803
86,2025-03-17,1413
86,2025-03-18,1549
86,2025-03-19,1513
86,2025-03-20,1350
86,2025-03-21,1553
86,2025-03-22,1686
86,2025-03-23,1345
86,2025-03-24,1320
86,2025-03-25,1406
86,2025-03-26,1542
86,2025-03-27,1544
86,2025-03-28,1659
86,2025-03-29,1708
86,2025-03-30,1338
86,2025-03-31,1354
87,2025-03-01,3083
87,2025-03-02,2265
87,2025-03-03,2731
87,2025-03-04,2946
87,2025-03-05,3097
87,2025-03-06,3188
87,2025-03-07,3402
87,2025-03-08,2601
87,2025-03-09,1975
87,2025-03-10,1952
87,2025-03-11,2965
87,2025-03-12,2879
87,2025-03-13,3174
87,2025-03-14,3439
87,2025-03-15,3254
87,2025-03-16,1577
87,2025-03-17,2921
87,2025-03-18,3108
87,2025-03-19,3282
87,2025-03-20,1189
87,2025-03-21,3224
87,2025-03-22,3545
87,2025-03-23,2401
87,2025-03-24,2723
87,2025-03-25,3109
87,2025-03-26,3043
87,2025-03-27,3190
87,2025-03-28,3553
87,2025-03-29,3079
87,2025-03-30,2336
87,2025-03-31,2964
107,2025-03-01,3993
107,2025-03-02,2937
107,2025-03-03,4200
107,2025-03-04,4911
107,2025-03-05,4525
107,2025-03-06,4907
107,2025-03-07,4677
107,2025-03-08,3726
107,2025-03-09,2868
107,2025-03-10,2413
107,2025-03-11,4285
107,2025-03-12,4552
107,2025-03-13,5437
107,2025-03-14,5551
107,2025-03-15,3197
107,2025-03-16,1691
107,2025-03-17,4343
107,2025-03-18,4952
107,2025-03-19,4632
107,2025-03-20,3709
107,2025-03-21,3867
107,2025-03-22,3578
107,2025-03-23,5324
107,2025-03-24,4118
107,2025-03-25,5006
107,2025-03-26,4363
107,2025-03-27,5087
107,2025-03-28,4987
107,2025-03-29,3722
107,2025-03-30,2934
107,2025-03-31,4191
108,2025-03-01,4864
108,2025-03-02,3914
108,2025-03-03,15830
108,2025-03-04,18777
108,2025-03-05,17437
108,2025-03-06,16739
108,2025-03-07,13292
108,2025-03-08,5124
108,2025-03-09,4264
108,2025-03-10,4120
108,2025-03-11,17237
108,2025-03-12,17789
108,2025-03-13,18290
108,2025-03-14,14564
108,2025-03-15,4991
108,2025-03-16,2751
108,2025-03-17,15730
108,2025-03-18,18351
108,2025-03-19,17634
108,2025-03-20,15470
108,2025-03-21,12320
108,2025-03-22,5300
108,2025-03-23,4400
108,2025-03-24,15328
108,2025-03-25,18528
108,2025-03-26,16805
108,2025-03-27,17466
108,2025-03-28,13765
108,2025-03-29,5024
108,2025-03-30,3906
108,2025-03-31,15577
109,2025-03-01,4416
109,2025-03-02,2686
109,2025-03-03,6213
109,2025-03-04,6690
109,2025-03-05,6624
109,2025-03-06,6181
109,2025-03-07,5396
109,2025-03-08,2890
109,2025-03-09,2671
109,2025-03-10,2292
109,2025-03-11,6426
109,2025-03-12,6479
109,2025-03-13,6830
109,2025-03-14,6136
109,2025-03-15,3617
109,2025-03-16,1949
109,2025-03-17,6018
109,2025-03-18,7017
109,2025-03-19,6322
109,2025-03-20,5349
109,2025-03-21,5452
109,2025-03-22,3521
109,2025-03-23,3068
109,2025-03-24,5857
109,2025-03-25,6538
109,2025-03-26,6288
109,2025-03-27,6401
109,2025-03-28,6472
109,2025-03-29,3363
109,2025-03-30,2747
109,2025-03-31,5667
117,2025-03-01,5179
117,2025-03-02,3910
117,2025-03-03,4492
117,2025-03-04,6497
117,2025-03-05,6402
117,2025-03-06,6559
117,2025-03-07,7440
117,2025-03-08,8250
117,2025-03-09,8478
117,2025-03-10,5043
117,2025-03-11,5983
117,2025-03-12,6761
117,2025-03-13,8416
117,2025-03-14,8494
117,2025-03-15,6876
117,2025-03-16,3157
117,2025-03-17,5845
117,2025-03-18,6319
117,2025-03-19,7001
117,2025-03-20,7496
117,2025-03-21,7679
117,2025-03-22,6923
117,2025-03-23,4489
117,2025-03-24,4804
117,2025-03-25,5896
117,2025-03-26,5896
117,2025-03-27,7133
117,2025-03-28,6244
117,2025-03-29,6692
117,2025-03-30,3819
117,2025-03-31,4617
118,2025-03-01,548
118,2025-03-02,481
118,2025-03-03,519
118,2025-03-04,804
118,2025-03-05,669
118,2025-03-06,680
118,2025-03-07,827
118,2025-03-08,912
118,2025-03-09,1038
118,2025-03-10,598
118,2025-03-11,608
118,2025-03-12,752
118,2025-03-13,950
118,2025-03-14,919
118,2025-03-15,819
118,2025-03-16,308
118,2025-03-17,642
118,2025-03-18,636
118,2025-03-19,720
118,2025-03-20,871
118,2025-03-21,750
118,2025-03-22,737
118,2025-03-23,607
118,2025-03-24,594
118,2025-03-25,627
118,2025-03-26,607
118,2025-03-27,738
118,2025-03-28,669
118,2025-03-29,740
118,2025-03-30,435
118,2025-03-31,526
123,2025-03-01,846
123,2025-03-02,970
123,2025-03-03,1015
123,2025-03-04,1386
123,2025-03-05,1104
123,2025-03-06,1068
123,2025-03-07,1398
123,2025-03-08,2535
123,2025-03-09,3510
123,2025-03-10,2141
123,2025-03-11,941
123,2025-03-12,926
123,2025-03-13,1205
123,2025-03-14,1153
123,2025-03-15,879
123,2025-03-16,309
123,2025-03-17,1080
123,2025-03-18,1165
123,2025-03-19,1256
123,2025-03-20,897
123,2025-03-21,890
123,2025-03-22,1488
123,2025-03-23,1040
123,2025-03-24,929
123,2025-03-25,985
123,2025-03-26,945
123,2025-03-27,1148
123,2025-03-28,806
123,2025-03-29,1061
123,2025-03-30,734
123,2025-03-31,838
124,2025-03-01,93
124,2025-03-02,105
124,2025-03-03,127
124,2025-03-04,167
124,2025-03-05,155
124,2025-03-06,95
124,2025-03-07,95
124,2025-03-08,10
124,2025-03-09,15
124,2025-03-10,24
124,2025-03-11,114
124,2025-03-12,120
124,2025-03-13,213
124,2025-03-14,206
124,2025-03-15,110
124,2025-03-16,44
124,2025-03-17,130
124,2025-03-18,145
124,2025-03-19,148
124,2025-03-20,98
124,2025-03-21,141
124,2025-03-22,180
124,2025-03-23,111
124,2025-03-24,99
124,2025-03-25,116
124,2025-03-26,96
124,2025-03-27,126
124,2025-03-28,109
124,2025-03-29,179
124,2025-03-30,69
124,2025-03-31,122
130,2025-03-01,1322
130,2025-03-02,909
130,2025-03-03,1184
130,2025-03-04,1528
130,2025-03-05,1290
130,2025-03-06,1313
130,2025-03-07,1335
130,2025-03-08,1270
130,2025-03-09,960
130,2025-03-10,699
130,2025-03-11,1318
130,2025-03-12,1511
130,2025-03-13,1796
130,2025-03-14,1331
130,2025-03-15,1522
130,2025-03-16,672
130,2025-03-17,1312
130,2025-03-18,1543
130,2025-03-19,1447
130,2025-03-20,1144
130,2025-03-21,840
130,2025-03-22,1270
130,2025-03-23,950
130,2025-03-24,1148
130,2025-03-25,1471
130,2025-03-26,1490
130,2025-03-27,1472
130,2025-03-28,1342
130,2025-03-29,1336
130,2025-03-30,1056
130,2025-03-31,1187
131,2025-03-01,5377
131,2025-03-02,4154
131,2025-03-03,3452
131,2025-03-04,3563
131,2025-03-05,3970
131,2025-03-06,3873
131,2025-03-07,4217
131,2025-03-08,5203
131,2025-03-09,5182
131,2025-03-10,3288
131,2025-03-11,3735
131,2025-03-12,3739
131,2025-03-13,4737
131,2025-03-14,553
131,2025-03-15,5521
131,2025-03-16,3323
131,2025-03-17,4189
131,2025-03-18,4283
131,2025-03-19,4210
131,2025-03-20,3677
131,2025-03-21,4069
131,2025-03-22,5783
131,2025-03-23,4050
131,2025-03-24,3401
131,2025-03-25,3841
131,2025-03-26,3775
131,2025-03-27,4298
131,2025-03-28,4689
131,2025-03-29,5210
131,2025-03-30,3828
131,2025-03-31,3358
132,2025-03-01,5144
132,2025-03-02,4334
132,2025-03-03,4778
132,2025-03-04,5026
132,2025-03-05,5051
132,2025-03-06,4939
132,2025-03-07,5040
132,2025-03-08,4500
132,2025-03-09,4124
132,2025-03-10,3346
132,2025-03-11,4518
132,2025-03-12,4583
132,2025-03-13,5117
132,2025-03-14,4567
132,2025-03-15,4353
132,2025-03-16,2747
132,2025-03-17,4796
132,2025-03-18,5189
132,2025-03-19,4700
132,2025-03-20,3974
132,2025-03-21,4408
132,2025-03-22,5024
132,2025-03-23,4367
132,2025-03-24,4661
132,2025-03-25,5070
132,2025-03-26,4813
132,2025-03-27,5000
132,2025-03-28,5491
132,2025-03-29,4871
132,2025-03-30,4479
132,2025-03-31,4878
133,2025-03-01,19805
133,2025-03-02,14380
133,2025-03-03,17792
133,2025-03-04,17533
133,2025-03-05,17179
133,2025-03-06,17469
133,2025-03-07,16931
133,2025-03-08,14409
133,2025-03-09,14056
133,2025-03-10,14006
133,2025-03-11,16979
133,2025-03-12,17169
133,2025-03-13,19804
133,2025-03-14,20383
133,2025-03-15,16905
133,2025-03-16,12621
133,2025-03-17,17797
133,2025-03-18,17899
133,2025-03-19,17421
133,2025-03-20,15637
133,2025-03-21,16373
133,2025-03-22,15529
133,2025-03-23,14105
133,2025-03-24,17387
133,2025-03-25,16768
133,2025-03-26,16726
133,2025-03-27,17505
133,2025-03-28,18401
133,2025-03-29,15033
133,2025-03-30,13426
133,2025-03-31,16649
134,2025-03-01,17799
134,2025-03-02,12432
134,2025-03-03,13617
134,2025-03-04,13839
134,2025-03-05,13431
134,2025-03-06,13612
134,2025-03-07,13367
134,2025-03-08,11766
134,2025-03-09,11906
134,2025-03-10,10376
134,2025-03-11,12923
134,2025-03-12,13424
134,2025-03-13,17058
134,2025-03-14,17766
134,2025-03-15,16171
134,2025-03-16,9506
134,2025-03-17,14236
134,2025-03-18,13809
134,2025-03-19,13662
134,2025-03-20,11956
134,2025-03-21,12965
134,2025-03-22,14105
134,2025-03-23,12292
134,2025-03-24,14267
134,2025-03-25,13509
134,2025-03-26,14113
134,2025-03-27,15281
134,2025-03-28,17949
134,2025-03-29,14965
134,2025-03-30,11855
134,2025-03-31,13571
135,2025-03-01,21945
135,2025-03-02,11329
135,2025-03-03,12010
135,2025-03-04,12958
135,2025-03-05,12250
135,2025-03-06,12958
135,2025-03-07,13092
135,2025-03-08,11605
135,2025-03-09,10994
135,2025-03-10,9602
135,2025-03-11,12273
135,2025-03-12,13096
135,2025-03-13,18488
135,2025-03-14,17991
135,2025-03-15,18001
135,2025-03-16,10391
135,2025-03-17,12948
135,2025-03-18,12864
135,2025-03-19,12943
135,2025-03-20,12471
135,2025-03-21,12714
135,2025-03-22,15410
135,2025-03-23,12460
135,2025-03-24,11945
135,2025-03-25,11831
135,2025-03-26,12893
135,2025-03-27,15804
135,2025-03-28,17815
135,2025-03-29,16804
135,2025-03-30,10618
135,2025-03-31,11103
136,2025-03-01,3122
136,2025-03-02,4279
136,2025-03-03,3644
136,2025-03-04,7232
136,2025-03-05,5861
136,2025-03-06,3801
136,2025-03-07,6376
136,2025-03-08,6156
136,2025-03-09,5107
136,2025-03-10,3116
136,2025-03-11,4766
136,2025-03-12,3959
136,2025-03-13,10251
136,2025-03-14,11561
136,2025-03-15,7611
136,2025-03-16,2134
136,2025-03-17,2770
136,2025-03-18,3133
136,2025-03-19,4746
136,2025-03-20,6998
136,2025-03-21,11146
136,2025-03-22,12906
136,2025-03-23,3525
136,2025-03-24,2623
136,2025-03-25,3118
136,2025-03-26,2672
136,2025-03-27,4481
136,2025-03-28,2239
136,2025-03-29,6212
136,2025-03-30,2178
136,2025-03-31,2304
137,2025-03-01,886
137,2025-03-02,366
137,2025-03-03,1458
137,2025-03-04,1764
137,2025-03-05,1567
137,2025-03-06,1480
137,2025-03-07,1150
137,2025-03-08,398
137,2025-03-09,297
137,2025-03-10,4
137,2025-03-11,1782
137,2025-03-12,1784
137,2025-03-13,1721
137,2025-03-14,1255
137,2025-03-15,503
137,2025-03-16,172
137,2025-03-17,1417
137,2025-03-18,1909
137,2025-03-19,1657
137,2025-03-20,1178
137,2025-03-21,969
137,2025-03-22,533
137,2025-03-23,554
137,2025-03-24,1361
137,2025-03-25,1857
137,2025-03-26,1598
137,2025-03-27,1737
137,2025-03-28,1402
137,2025-03-29,654
137,2025-03-30,389
137,2025-03-31,1408
138,2025-03-01,188
138,2025-03-02,140
138,2025-03-03,183
138,2025-03-04,226
138,2025-03-05,224
138,2025-03-06,220
138,2025-03-07,224
138,2025-03-08,258
138,2025-03-09,214
138,2025-03-10,144
138,2025-03-11,199
138,2025-03-12,220
138,2025-03-13,221
138,2025-03-14,180
138,2025-03-15,161
138,2025-03-16,90
138,2025-03-17,167
138,2025-03-18,206
138,2025-03-19,273
138,2025-03-20,221
138,2025-03-21,213
138,2025-03-22,159
138,2025-03-23,164
138,2025-03-24,214
138,2025-03-25,230
138,2025-03-26,229
138,2025-03-27,261
138,2025-03-28,238
138,2025-03-29,156
138,2025-03-30,177
138,2025-03-31,165
139,2025-03-01,1815
139,2025-03-02,1070
139,2025-03-03,2475
139,2025-03-04,2914
139,2025-03-05,2684
139,2025-03-06,2593
139,2025-03-07,2365
139,2025-03-08,2169
139,2025-03-09,1647
139,2025-03-10,1343
139,2025-03-11,2760
139,2025-03-12,2522
139,2025-03-13,3003
139,2025-03-14,2501
139,2025-03-15,1538
139,2025-03-16,576
139,2025-03-17,2720
139,2025-03-18,3313
139,2025-03-19,2849
139,2025-03-20,2109
139,2025-03-21,1903
139,2025-03-22,1863
139,2025-03-23,1489
139,2025-03-24,2375
139,2025-03-25,2949
139,2025-03-26,2600
139,2025-03-27,3034
139,2025-03-28,2514
139,2025-03-29,1650
139,2025-03-30,1215
139,2025-03-31,2525
140,2025-03-01,2596
140,2025-03-02,2220
140,2025-03-03,2470
140,2025-03-04,2531
140,2025-03-05,2496
140,2025-03-06,2466
140,2025-03-07,2329
140,2025-03-08,2384
140,2025-03-09,2247
140,2025-03-10,1972
140,2025-03-11,2246
140,2025-03-12,1588
140,2025-03-13,2089
140,2025-03-14,2435
140,2025-03-15,2435
140,2025-03-16,1381
140,2025-03-17,2410
140,2025-03-18,2587
140,2025-03-19,1104
140,2025-03-20,376
140,2025-03-21,1157
140,2025-03-22,2344
140,2025-03-23,2154
140,2025-03-24,2251
140,2025-03-25,1065
140,2025-03-26,2683
140,2025-03-27,2716
140,2025-03-28,2825
140,2025-03-29,2384
140,2025-03-30,2069
140,2025-03-31,2188
141,2025-03-01,5860
141,2025-03-02,4420
141,2025-03-03,3874
141,2025-03-04,3678
141,2025-03-05,3719
141,2025-03-06,4869
141,2025-03-07,5550
141,2025-03-08,6409
141,2025-03-09,5961
141,2025-03-10,3811
141,2025-03-11,3670
141,2025-03-12,4001
141,2025-03-13,5191
141,2025-03-14,4917
141,2025-03-15,6086
141,2025-03-16,3378
141,2025-03-17,4062
141,2025-03-18,3839
141,2025-03-19,4232
141,2025-03-20,3880
141,2025-03-21,4406
141,2025-03-22,5217
141,2025-03-23,3635
141,2025-03-24,3106
141,2025-03-25,3803
141,2025-03-26,3594
141,2025-03-27,3777
141,2025-03-28,4334
141,2025-03-29,5516
141,2025-03-30,3551
141,2025-03-31,3439
142,2025-03-01,14110
142,2025-03-02,12198
142,2025-03-03,10504
142,2025-03-04,9681
142,2025-03-05,9174
142,2025-03-06,10915
142,2025-03-07,14772
142,2025-03-08,22148
142,2025-03-09,28209
142,2025-03-10,20887
142,2025-03-11,9708
142,2025-03-12,9719
142,2025-03-13,11803
142,2025-03-14,12448
142,2025-03-15,13615
142,2025-03-16,5609
142,2025-03-17,11759
142,2025-03-18,11668
142,2025-03-19,11196
142,2025-03-20,7617
142,2025-03-21,9690
142,2025-03-22,18538
142,2025-03-23,15790
142,2025-03-24,9611
142,2025-03-25,10037
142,2025-03-26,9057
142,2025-03-27,10391
142,2025-03-28,10064
142,2025-03-29,13717
142,2025-03-30,12091
142,2025-03-31,9077
143,2025-03-01,10326
143,2025-03-02,6851
143,2025-03-03,5477
143,2025-03-04,5657
143,2025-03-05,5352
143,2025-03-06,5489
143,2025-03-07,6368
143,2025-03-08,7973
143,2025-03-09,7966
143,2025-03-10,4998
143,2025-03-11,5349
143,2025-03-12,5894
143,2025-03-13,9280
143,2025-03-14,11711
143,2025-03-15,17019
143,2025-03-16,9129
143,2025-03-17,7031
143,2025-03-18,6110
143,2025-03-19,5990
143,2025-03-20,5330
143,2025-03-21,7123
143,2025-03-22,10716
143,2025-03-23,7895
143,2025-03-24,5434
143,2025-03-25,5867
143,2025-03-26,5335
143,2025-03-27,6551
143,2025-03-28,7876
143,2025-03-29,9820
143,2025-03-30,6419
143,2025-03-31,5029
161,2025-03-01,3228
161,2025-03-02,4234
161,2025-03-03,3662
161,2025-03-04,5740
161,2025-03-05,5116
161,2025-03-06,13453
161,2025-03-07,17502
161,2025-03-08,27819
161,2025-03-09,43594
161,2025-03-10,29025
161,2025-03-11,3655
161,2025-03-12,4303
161,2025-03-13,8161
161,2025-03-14,9195
161,2025-03-15,5855
161,2025-03-16,2434
161,2025-03-17,4541
161,2025-03-18,3858
161,2025-03-19,5758
161,2025-03-20,6331
161,2025-03-21,9770
161,2025-03-22,14130
161,2025-03-23,5266
161,2025-03-24,3626
161,2025-03-25,4241
161,2025-03-26,3817
161,2025-03-27,5693
161,2025-03-28,3033
161,2025-03-29,8515
161,2025-03-30,3693
161,2025-03-31,3430
162,2025-03-01,16219
162,2025-03-02,15926
162,2025-03-03,9792
162,2025-03-04,12991
162,2025-03-05,12851
162,2025-03-06,13281
162,2025-03-07,13368
162,2025-03-08,15202
162,2025-03-09,14695
162,2025-03-10,8530
162,2025-03-11,12298
162,2025-03-12,12788
162,2025-03-13,13583
162,2025-03-14,13657
162,2025-03-15,14504
162,2025-03-16,8020
162,2025-03-17,10940
162,2025-03-18,14509
162,2025-03-19,11829
162,2025-03-20,12057
162,2025-03-21,12856
162,2025-03-22,17120
162,2025-03-23,16881
162,2025-03-24,9575
162,2025-03-25,13204
162,2025-03-26,10836
162,2025-03-27,14031
162,2025-03-28,13795
162,2025-03-29,16094
162,2025-03-30,15022
162,2025-03-31,10111
164,2025-03-01,4476
164,2025-03-02,2717
164,2025-03-03,3227
164,2025-03-04,3456
164,2025-03-05,3615
164,2025-03-06,3472
164,2025-03-07,3455
164,2025-03-08,3063
164,2025-03-09,2683
164,2025-03-10,2254
164,2025-03-11,3241
164,2025-03-12,3261
164,2025-03-13,4108
164,2025-03-14,4182
164,2025-03-15,3746
164,2025-03-16,1729
164,2025-03-17,3258
164,2025-03-18,3466
164,2025-03-19,3436
164,2025-03-20,2875
164,2025-03-21,3150
164,2025-03-22,3245
164,2025-03-23,2936
164,2025-03-24,3434
164,2025-03-25,3420
164,2025-03-26,3328
164,2025-03-27,3563
164,2025-03-28,4047
164,2025-03-29,3313
164,2025-03-30,2773
164,2025-03-31,3175
165,2025-03-01,1714
165,2025-03-02,1207
165,2025-03-03,1227
165,2025-03-04,1241
165,2025-03-05,1324
165,2025-03-06,1821
165,2025-03-07,1600
165,2025-03-08,28
165,2025-03-09,988
165,2025-03-10,863
165,2025-03-11,1246
165,2025-03-12,1312
165,2025-03-13,1395
165,2025-03-14,3081
165,2025-03-15,1869
165,2025-03-16,847
165,2025-03-17,1138
165,2025-03-18,1183
165,2025-03-19,1219
165,2025-03-20,1623
165,2025-03-21,1380
165,2025-03-22,1651
165,2025-03-23,1317
165,2025-03-24,1326
165,2025-03-25,1248
165,2025-03-26,1220
165,2025-03-27,1389
165,2025-03-28,1793
165,2025-03-29,1408
165,2025-03-30,1013
165,2025-03-31,1254
166,2025-03-01,1645
166,2025-03-02,1552
166,2025-03-03,1513
166,2025-03-04,1475
166,2025-03-05,1589
166,2025-03-06,1429
166,2025-03-07,1424
166,2025-03-08,1445
166,2025-03-09,1321
166,2025-03-10,1298
166,2025-03-11,1515
166,2025-03-12,1388
166,2025-03-13,1509
166,2025-03-14,1515
166,2025-03-15,1762
166,2025-03-16,969
166,2025-03-17,1503
166,2025-03-18,1371
166,2025-03-19,1455
166,2025-03-20,1154
166,2025-03-21,1260
166,2025-03-22,1551
166,2025-03-23,1768
166,2025-03-24,1492
166,2025-03-25,1447
166,2025-03-26,1482
166,2025-03-27,1514
166,2025-03-28,1690
166,2025-03-29,1525
166,2025-03-30,1416
166,2025-03-31,1443
167,2025-03-01,1850
167,2025-03-02,1783
167,2025-03-03,1624
167,2025-03-04,1763
167,2025-03-05,1584
167,2025-03-06,1707
167,2025-03-07,1641
167,2025-03-08,1522
167,2025-03-09,1501
167,2025-03-10,1245
167,2025-03-11,1884
167,2025-03-12,1850
167,2025-03-13,1781
167,2025-03-14,2028
167,2025-03-15,2167
167,2025-03-16,1045
167,2025-03-17,1508
167,2025-03-18,1656
167,2025-03-19,2039
167,2025-03-20,1913
167,2025-03-21,1232
167,2025-03-22,1708
167,2025-03-23,1367
167,2025-03-24,1609
167,2025-03-25,1436
167,2025-03-26,1694
167,2025-03-27,1662
167,2025-03-28,2481
167,2025-03-29,2052
167,2025-03-30,1732
167,2025-03-31,2053
179,2025-03-01,2080
179,2025-03-02,1980
179,2025-03-03,2058
179,2025-03-04,1854
179,2025-03-05,2106
179,2025-03-06,2114
179,2025-03-07,2347
179,2025-03-08,2477
179,2025-03-09,2143
179,2025-03-10,1995
179,2025-03-11,1929
179,2025-03-12,2044
179,2025-03-13,2312
179,2025-03-14,2391
179,2025-03-15,2446
179,2025-03-16,1828
179,2025-03-17,2211
179,2025-03-18,1886
179,2025-03-19,1772
179,2025-03-20,1906
179,2025-03-21,2255
179,2025-03-22,2286
179,2025-03-23,2015
179,2025-03-24,1988
179,2025-03-25,1882
179,2025-03-26,1956
179,2025-03-27,2016
179,2025-03-28,2237
179,2025-03-29,2159
179,2025-03-30,1809
179,2025-03-31,1844
180,2025-03-11,776
180,2025-03-12,1076
180,2025-03-13,1261
180,2025-03-14,1172
180,2025-03-15,1000
180,2025-03-16,503
180,2025-03-17,1060
180,2025-03-18,1103
180,2025-03-19,1076
180,2025-03-20,1025
180,2025-03-21,1140
180,2025-03-22,1514
180,2025-03-23,1055
180,2025-03-24,1111
180,2025-03-25,1180
180,2025-03-26,1140
180,2025-03-27,1275
180,2025-03-28,1176
180,2025-03-29,965
180,2025-03-30,844
180,2025-03-31,1071
181,2025-03-26,27380
181,2025-03-27,30792
181,2025-03-28,29923
181,2025-03-29,29787
181,2025-03-30,23940
181,2025-03-31,23785
