date,hour,count
2025-03-01,0,12622
2025-03-01,1,8264
2025-03-01,2,5400
2025-03-01,3,3706
2025-03-01,4,2066
2025-03-01,5,1975
2025-03-01,6,4567
2025-03-01,7,9255
2025-03-01,8,16187
2025-03-01,9,28314
2025-03-01,10,44261
2025-03-01,11,52328
2025-03-01,12,56287
2025-03-01,13,68249
2025-03-01,14,69854
2025-03-01,15,74701
2025-03-01,16,71304
2025-03-01,17,73802
2025-03-01,18,73775
2025-03-01,19,67476
2025-03-01,20,51157
2025-03-01,21,44353
2025-03-01,22,39495
2025-03-01,23,49846
2025-03-02,0,17541
2025-03-02,1,11978
2025-03-02,2,6943
2025-03-02,3,5735
2025-03-02,4,3399
2025-03-02,5,3041
2025-03-02,6,3741
2025-03-02,7,7027
2025-03-02,8,13967
2025-03-02,9,26593
2025-03-02,10,35410
2025-03-02,11,41707
2025-03-02,12,53331
2025-03-02,13,58526
2025-03-02,14,57751
2025-03-02,15,55766
2025-03-02,16,50887
2025-03-02,17,54383
2025-03-02,18,44291
2025-03-02,19,37690
2025-03-02,20,31700
2025-03-02,21,24271
2025-03-02,22,15546
2025-03-02,23,9597
2025-03-03,0,3846
2025-03-03,1,1837
2025-03-03,2,1123
2025-03-03,3,914
2025-03-03,4,996
2025-03-03,5,2670
2025-03-03,6,9055
2025-03-03,7,23484
2025-03-03,8,52248
2025-03-03,9,48682
2025-03-03,10,44035
2025-03-03,11,50295
2025-03-03,12,66549
2025-03-03,13,67002
2025-03-03,14,62669
2025-03-03,15,57702
2025-03-03,16,66614
2025-03-03,17,73646
2025-03-03,18,53414
2025-03-03,19,37458
2025-03-03,20,30842
2025-03-03,21,22868
2025-03-03,22,13463
2025-03-03,23,6889
2025-03-04,0,2847
2025-03-04,1,1628
2025-03-04,2,910
2025-03-04,3,690
2025-03-04,4,875
2025-03-04,5,2858
2025-03-04,6,10324
2025-03-04,7,27795
2025-03-04,8,60650
2025-03-04,9,45962
2025-03-04,10,45332
2025-03-04,11,49738
2025-03-04,12,74561
2025-03-04,13,71398
2025-03-04,14,55268
2025-03-04,15,59043
2025-03-04,16,72123
2025-03-04,17,85085
2025-03-04,18,64908
2025-03-04,19,45687
2025-03-04,20,35188
2025-03-04,21,28190
2025-03-04,22,21094
2025-03-04,23,8829
2025-03-05,0,4008
2025-03-05,1,2348
2025-03-05,2,1275
2025-03-05,3,1016
2025-03-05,4,934
2025-03-05,5,2910
2025-03-05,6,10975
2025-03-05,7,27119
2025-03-05,8,60057
2025-03-05,9,42492
2025-03-05,10,41525
2025-03-05,11,45792
2025-03-05,12,70841
2025-03-05,13,61991
2025-03-05,14,53950
2025-03-05,15,57147
2025-03-05,16,66319
2025-03-05,17,84815
2025-03-05,18,62914
2025-03-05,19,52856
2025-03-05,20,36831
2025-03-05,21,30627
2025-03-05,22,23991
2025-03-05,23,9822
2025-03-06,0,4615
2025-03-06,1,2360
2025-03-06,2,1216
2025-03-06,3,867
2025-03-06,4,987
2025-03-06,5,2905
2025-03-06,6,9804
2025-03-06,7,28605
2025-03-06,8,57648
2025-03-06,9,42505
2025-03-06,10,38240
2025-03-06,11,47635
2025-03-06,12,71639
2025-03-06,13,75463
2025-03-06,14,60900
2025-03-06,15,57257
2025-03-06,16,68248
2025-03-06,17,88416
2025-03-06,18,74444
2025-03-06,19,58133
2025-03-06,20,45434
2025-03-06,21,42797
2025-03-06,22,27649
2025-03-06,23,12617
2025-03-07,0,5640
2025-03-07,1,3397
2025-03-07,2,1854
2025-03-07,3,1479
2025-03-07,4,1444
2025-03-07,5,2716
2025-03-07,6,9476
2025-03-07,7,20364
2025-03-07,8,41936
2025-03-07,9,38355
2025-03-07,10,44351
2025-03-07,11,45715
2025-03-07,12,72630
2025-03-07,13,67026
2025-03-07,14,59222
2025-03-07,15,60754
2025-03-07,16,61464
2025-03-07,17,83183
2025-03-07,18,77648
2025-03-07,19,69280
2025-03-07,20,58683
2025-03-07,21,53394
2025-03-07,22,40552
2025-03-07,23,23527
2025-03-08,0,13057
2025-03-08,1,8093
2025-03-08,2,5497
2025-03-08,3,3593
2025-03-08,4,2063
2025-03-08,5,1943
2025-03-08,6,3621
2025-03-08,7,7968
2025-03-08,8,16304
2025-03-08,9,27203
2025-03-08,10,37227
2025-03-08,11,50872
2025-03-08,12,60478
2025-03-08,13,59463
2025-03-08,14,60317
2025-03-08,15,57531
2025-03-08,16,63960
2025-03-08,17,75131
2025-03-08,18,72176
2025-03-08,19,81673
2025-03-08,20,68103
2025-03-08,21,62846
2025-03-08,22,56035
2025-03-08,23,38704
2025-03-09,0,19612
2025-03-09,1,10735
2025-03-09,2,7466
2025-03-09,3,5003
2025-03-09,4,3188
2025-03-09,5,2631
2025-03-09,6,3423
2025-03-09,7,7160
2025-03-09,8,14430
2025-03-09,9,27881
2025-03-09,10,39015
2025-03-09,11,56025
2025-03-09,12,64846
2025-03-09,13,63627
2025-03-09,14,61424
2025-03-09,15,62654
2025-03-09,16,57035
2025-03-09,17,64890
2025-03-09,18,67533
2025-03-09,19,68058
2025-03-09,20,61773
2025-03-09,21,58247
2025-03-09,22,46777
2025-03-09,23,25830
2025-03-10,0,9025
2025-03-10,1,5379
2025-03-10,2,3290
2025-03-10,3,2679
2025-03-10,4,1867
2025-03-10,5,2012
2025-03-10,6,2931
2025-03-10,7,5507
2025-03-10,8,13128
2025-03-10,9,23792
2025-03-10,10,38803
2025-03-10,11,46961
2025-03-10,12,58507
2025-03-10,13,57826
2025-03-10,14,56721
2025-03-10,15,54383
2025-03-10,16,52954
2025-03-10,17,57622
2025-03-10,18,52433
2025-03-10,19,58842
2025-03-10,20,42957
2025-03-10,21,41540
2025-03-10,22,28180
2025-03-10,23,10102
2025-03-11,0,4355
2025-03-11,1,2081
2025-03-11,2,1112
2025-03-11,3,1082
2025-03-11,4,1034
2025-03-11,5,2274
2025-03-11,6,8061
2025-03-11,7,26181
2025-03-11,8,59660
2025-03-11,9,46894
2025-03-11,10,42791
2025-03-11,11,44573
2025-03-11,12,69486
2025-03-11,13,63134
2025-03-11,14,54445
2025-03-11,15,55629
2025-03-11,16,60992
2025-03-11,17,73459
2025-03-11,18,57319
2025-03-11,19,47374
2025-03-11,20,34182
2025-03-11,21,25031
2025-03-11,22,23911
2025-03-11,23,8715
2025-03-12,0,3832
2025-03-12,1,2233
2025-03-12,2,1347
2025-03-12,3,1012
2025-03-12,4,1065
2025-03-12,5,2934
2025-03-12,6,11152
2025-03-12,7,28394
2025-03-12,8,57616
2025-03-12,9,43556
2025-03-12,10,40516
2025-03-12,11,47306
2025-03-12,12,70219
2025-03-12,13,69067
2025-03-12,14,56253
2025-03-12,15,58808
2025-03-12,16,63101
2025-03-12,17,82389
2025-03-12,18,74450
2025-03-12,19,37839
2025-03-12,20,33950
2025-03-12,21,28277
2025-03-12,22,23936
2025-03-12,23,10113
2025-03-13,0,4629
2025-03-13,1,2541
2025-03-13,2,1473
2025-03-13,3,1020
2025-03-13,4,1100
2025-03-13,5,3356
2025-03-13,6,10992
2025-03-13,7,25643
2025-03-13,8,61681
2025-03-13,9,51602
2025-03-13,10,45937
2025-03-13,11,52759
2025-03-13,12,77201
2025-03-13,13,76979
2025-03-13,14,68841
2025-03-13,15,59647
2025-03-13,16,74932
2025-03-13,17,101273
2025-03-13,18,86940
2025-03-13,19,63354
2025-03-13,20,47848
2025-03-13,21,38460
2025-03-13,22,32947
2025-03-13,23,18418
2025-03-14,0,6139
2025-03-14,1,3196
2025-03-14,2,1733
2025-03-14,3,1193
2025-03-14,4,1310
2025-03-14,5,2651
2025-03-14,6,9149
2025-03-14,7,20834
2025-03-14,8,48112
2025-03-14,9,48025
2025-03-14,10,47962
2025-03-14,11,47160
2025-03-14,12,64979
2025-03-14,13,61920
2025-03-14,14,59483
2025-03-14,15,61162
2025-03-14,16,65903
2025-03-14,17,82869
2025-03-14,18,84087
2025-03-14,19,74773
2025-03-14,20,56526
2025-03-14,21,48496
2025-03-14,22,48466
2025-03-14,23,34059
2025-03-15,0,14365
2025-03-15,1,7896
2025-03-15,2,5643
2025-03-15,3,3911
2025-03-15,4,2476
2025-03-15,5,2560
2025-03-15,6,5038
2025-03-15,7,11068
2025-03-15,8,20980
2025-03-15,9,35858
2025-03-15,10,45342
2025-03-15,11,56920
2025-03-15,12,53982
2025-03-15,13,53579
2025-03-15,14,54531
2025-03-15,15,55089
2025-03-15,16,58483
2025-03-15,17,73640
2025-03-15,18,87933
2025-03-15,19,77439
2025-03-15,20,52340
2025-03-15,21,48700
2025-03-15,22,52063
2025-03-15,23,35566
2025-03-16,0,17492
2025-03-16,1,10439
2025-03-16,2,7002
2025-03-16,3,5480
2025-03-16,4,2738
2025-03-16,5,2979
2025-03-16,6,3784
2025-03-16,7,6268
2025-03-16,8,12994
2025-03-16,9,22340
2025-03-16,10,25501
2025-03-16,11,29680
2025-03-16,12,25668
2025-03-16,13,28601
2025-03-16,14,29992
2025-03-16,15,33591
2025-03-16,16,35820
2025-03-16,17,42383
2025-03-16,18,50574
2025-03-16,19,42351
2025-03-16,20,28613
2025-03-16,21,25233
2025-03-16,22,16219
2025-03-16,23,7675
2025-03-17,0,3864
2025-03-17,1,2542
2025-03-17,2,1283
2025-03-17,3,1083
2025-03-17,4,1029
2025-03-17,5,2934
2025-03-17,6,9312
2025-03-17,7,21892
2025-03-17,8,51065
2025-03-17,9,43561
2025-03-17,10,46243
2025-03-17,11,51692
2025-03-17,12,72972
2025-03-17,13,73854
2025-03-17,14,67043
2025-03-17,15,62259
2025-03-17,16,67539
2025-03-17,17,83702
2025-03-17,18,66949
2025-03-17,19,44043
2025-03-17,20,32856
2025-03-17,21,25066
2025-03-17,22,16644
2025-03-17,23,9969
2025-03-18,0,3888
2025-03-18,1,2491
2025-03-18,2,1316
2025-03-18,3,930
2025-03-18,4,1088
2025-03-18,5,2923
2025-03-18,6,10712
2025-03-18,7,27755
2025-03-18,8,62257
2025-03-18,9,45807
2025-03-18,10,44411
2025-03-18,11,48663
2025-03-18,12,76395
2025-03-18,13,74279
2025-03-18,14,58385
2025-03-18,15,61233
2025-03-18,16,73887
2025-03-18,17,81928
2025-03-18,18,64433
2025-03-18,19,48327
2025-03-18,20,38393
2025-03-18,21,30731
2025-03-18,22,17261
2025-03-18,23,8324
2025-03-19,0,4102
2025-03-19,1,2222
2025-03-19,2,1115
2025-03-19,3,933
2025-03-19,4,997
2025-03-19,5,2899
2025-03-19,6,10045
2025-03-19,7,27845
2025-03-19,8,61660
2025-03-19,9,43962
2025-03-19,10,41200
2025-03-19,11,49153
2025-03-19,12,74964
2025-03-19,13,74522
2025-03-19,14,54876
2025-03-19,15,57345
2025-03-19,16,67241
2025-03-19,17,77734
2025-03-19,18,65695
2025-03-19,19,50990
2025-03-19,20,42713
2025-03-19,21,30074
2025-03-19,22,22114
2025-03-19,23,13791
2025-03-20,0,4565
2025-03-20,1,2389
2025-03-20,2,1480
2025-03-20,3,1072
2025-03-20,4,1190
2025-03-20,5,2812
2025-03-20,6,10084
2025-03-20,7,27762
2025-03-20,8,64696
2025-03-20,9,48383
2025-03-20,10,42406
2025-03-20,11,48184
2025-03-20,12,73106
2025-03-20,13,66423
2025-03-20,14,58327
2025-03-20,15,53622
2025-03-20,16,58349
2025-03-20,17,59885
2025-03-20,18,38825
2025-03-20,19,40846
2025-03-20,20,27726
2025-03-20,21,25312
2025-03-20,22,26992
2025-03-20,23,16314
2025-03-21,0,5193
2025-03-21,1,3071
2025-03-21,2,1437
2025-03-21,3,1022
2025-03-21,4,1157
2025-03-21,5,2643
2025-03-21,6,9039
2025-03-21,7,19278
2025-03-21,8,41438
2025-03-21,9,33957
2025-03-21,10,32145
2025-03-21,11,38222
2025-03-21,12,62003
2025-03-21,13,62866
2025-03-21,14,64052
2025-03-21,15,64969
2025-03-21,16,66699
2025-03-21,17,80489
2025-03-21,18,80205
2025-03-21,19,61904
2025-03-21,20,43929
2025-03-21,21,43026
2025-03-21,22,38763
2025-03-21,23,26584
2025-03-22,0,13982
2025-03-22,1,7394
2025-03-22,2,5120
2025-03-22,3,3502
2025-03-22,4,2061
2025-03-22,5,2421
2025-03-22,6,4398
2025-03-22,7,9201
2025-03-22,8,18017
2025-03-22,9,29281
2025-03-22,10,41436
2025-03-22,11,57781
2025-03-22,12,65613
2025-03-22,13,69435
2025-03-22,14,67037
2025-03-22,15,71638
2025-03-22,16,82666
2025-03-22,17,74108
2025-03-22,18,72684
2025-03-22,19,65888
2025-03-22,20,48624
2025-03-22,21,44496
2025-03-22,22,45541
2025-03-22,23,27602
2025-03-23,0,13998
2025-03-23,1,9638
2025-03-23,2,5818
2025-03-23,3,5007
2025-03-23,4,3016
2025-03-23,5,2690
2025-03-23,6,3143
2025-03-23,7,6831
2025-03-23,8,14412
2025-03-23,9,25949
2025-03-23,10,39726
2025-03-23,11,52158
2025-03-23,12,63198
2025-03-23,13,76747
2025-03-23,14,80027
2025-03-23,15,64862
2025-03-23,16,64915
2025-03-23,17,55067
2025-03-23,18,52865
2025-03-23,19,40524
2025-03-23,20,32925
2025-03-23,21,24979
2025-03-23,22,15765
2025-03-23,23,9287
2025-03-24,0,4063
2025-03-24,1,2130
2025-03-24,2,1361
2025-03-24,3,951
2025-03-24,4,1068
2025-03-24,5,2923
2025-03-24,6,9322
2025-03-24,7,21900
2025-03-24,8,52643
2025-03-24,9,39440
2025-03-24,10,37153
2025-03-24,11,47580
2025-03-24,12,63901
2025-03-24,13,67002
2025-03-24,14,53461
2025-03-24,15,52448
2025-03-24,16,64879
2025-03-24,17,75537
2025-03-24,18,57196
2025-03-24,19,38146
2025-03-24,20,30510
2025-03-24,21,23191
2025-03-24,22,14925
2025-03-24,23,7835
2025-03-25,0,3320
2025-03-25,1,2085
2025-03-25,2,1104
2025-03-25,3,939
2025-03-25,4,1214
2025-03-25,5,3238
2025-03-25,6,10297
2025-03-25,7,28138
2025-03-25,8,63012
2025-03-25,9,45379
2025-03-25,10,41958
2025-03-25,11,47568
2025-03-25,12,73403
2025-03-25,13,72899
2025-03-25,14,51357
2025-03-25,15,58805
2025-03-25,16,70719
2025-03-25,17,82598
2025-03-25,18,60527
2025-03-25,19,43913
2025-03-25,20,33972
2025-03-25,21,25826
2025-03-25,22,16812
2025-03-25,23,8519
2025-03-26,0,3925
2025-03-26,1,2154
2025-03-26,2,1203
2025-03-26,3,1039
2025-03-26,4,269
2025-03-26,5,110
2025-03-26,6,7294
2025-03-26,7,24292
2025-03-26,8,55984
2025-03-26,9,43198
2025-03-26,10,41390
2025-03-26,11,51493
2025-03-26,12,73198
2025-03-26,13,65815
2025-03-26,14,61817
2025-03-26,15,66861
2025-03-26,16,70815
2025-03-26,17,93537
2025-03-26,18,71178
2025-03-26,19,50498
2025-03-26,20,38047
2025-03-26,21,29454
2025-03-26,22,17279
2025-03-26,23,8948
2025-03-27,0,4076
2025-03-27,1,2149
2025-03-27,2,1341
2025-03-27,3,1223
2025-03-27,4,1233
2025-03-27,5,2882
2025-03-27,6,9821
2025-03-27,7,25805
2025-03-27,8,60509
2025-03-27,9,47163
2025-03-27,10,44246
2025-03-27,11,51882
2025-03-27,12,72262
2025-03-27,13,74124
2025-03-27,14,60910
2025-03-27,15,63368
2025-03-27,16,77729
2025-03-27,17,96421
2025-03-27,18,80361
2025-03-27,19,56777
2025-03-27,20,44659
2025-03-27,21,34072
2025-03-27,22,28403
2025-03-27,23,16195
2025-03-28,0,6621
2025-03-28,1,3566
2025-03-28,2,2121
2025-03-28,3,1678
2025-03-28,4,1512
2025-03-28,5,2732
2025-03-28,6,9267
2025-03-28,7,20825
2025-03-28,8,46212
2025-03-28,9,43787
2025-03-28,10,45713
2025-03-28,11,51406
2025-03-28,12,71650
2025-03-28,13,66893
2025-03-28,14,61715
2025-03-28,15,62718
2025-03-28,16,67302
2025-03-28,17,86044
2025-03-28,18,83457
2025-03-28,19,68276
2025-03-28,20,54236
2025-03-28,21,50168
2025-03-28,22,47737
2025-03-28,23,26762
2025-03-29,0,14550
2025-03-29,1,8775
2025-03-29,2,5483
2025-03-29,3,3446
2025-03-29,4,2092
2025-03-29,5,2195
2025-03-29,6,4235
2025-03-29,7,8152
2025-03-29,8,18582
2025-03-29,9,30838
2025-03-29,10,42455
2025-03-29,11,59959
2025-03-29,12,68737
2025-03-29,13,72589
2025-03-29,14,71716
2025-03-29,15,68580
2025-03-29,16,76466
2025-03-29,17,74548
2025-03-29,18,66403
2025-03-29,19,73618
2025-03-29,20,52354
2025-03-29,21,47261
2025-03-29,22,41006
2025-03-29,23,27857
2025-03-30,0,17970
2025-03-30,1,10482
2025-03-30,2,7032
2025-03-30,3,4833
2025-03-30,4,3144
2025-03-30,5,2717
2025-03-30,6,3732
2025-03-30,7,6739
2025-03-30,8,14875
2025-03-30,9,26899
2025-03-30,10,40960
2025-03-30,11,54426
2025-03-30,12,56007
2025-03-30,13,70731
2025-03-30,14,58609
2025-03-30,15,60678
2025-03-30,16,57848
2025-03-30,17,54206
2025-03-30,18,49540
2025-03-30,19,41579
2025-03-30,20,35267
2025-03-30,21,25902
2025-03-30,22,16583
2025-03-30,23,8751
2025-03-31,0,3932
2025-03-31,1,2213
2025-03-31,2,1737
2025-03-31,3,1081
2025-03-31,4,1020
2025-03-31,5,2778
2025-03-31,6,7723
2025-03-31,7,21880
2025-03-31,8,51841
2025-03-31,9,37445
2025-03-31,10,40922
2025-03-31,11,46765
2025-03-31,12,66345
2025-03-31,13,66366
2025-03-31,14,56451
2025-03-31,15,54841
2025-03-31,16,61955
2025-03-31,17,72922
2025-03-31,18,49977
2025-03-31,19,44949
2025-03-31,20,34546
2025-03-31,21,21689
2025-03-31,22,13309
2025-03-31,23,7769
2025-06-01,0,13008
2025-06-01,1,8473
2025-06-01,2,5288
2025-06-01,3,4003
2025-06-01,4,2848
2025-06-01,5,2292
2025-06-01,6,2711
2025-06-01,7,6467
2025-06-01,8,12654
2025-06-01,9,22409
2025-06-01,10,34145
2025-06-01,11,42270
2025-06-01,12,60005
2025-06-01,13,64470
2025-06-01,14,57491
2025-06-01,15,55752
2025-06-01,16,50861
2025-06-01,17,43193
2025-06-01,18,36175
2025-06-01,19,31687
2025-06-01,20,25470
2025-06-01,21,16524
2025-06-01,22,757
2025-06-01,23,454
2025-06-02,0,342
2025-06-02,1,203
2025-06-02,2,160
2025-06-02,3,69
2025-06-02,4,51
2025-06-02,7,476
2025-06-02,9,815
2025-06-02,10,833
2025-06-02,11,1044
2025-06-02,12,1428
2025-06-02,13,1513
2025-06-02,14,37778
2025-06-02,15,52330
2025-06-02,16,60512
2025-06-02,17,67839
2025-06-02,18,45000
2025-06-02,19,31868
2025-06-02,20,25071
2025-06-02,21,18907
2025-06-02,22,11684
2025-06-02,23,6025
2025-06-03,0,2660
2025-06-03,1,1608
2025-06-03,2,1040
2025-06-03,3,817
2025-06-03,4,839
2025-06-03,5,1758
2025-06-03,6,6540
2025-06-03,7,19659
2025-06-03,8,40264
2025-06-03,9,33347
2025-06-03,10,29661
2025-06-03,11,28566
2025-06-03,12,38283
2025-06-03,13,51531
2025-06-03,14,42576
2025-06-03,15,43785
2025-06-03,16,50619
2025-06-03,17,59008
2025-06-03,18,38029
2025-06-03,19,25765
2025-06-03,20,20962
2025-06-03,21,18360
2025-06-03,22,12053
2025-06-03,23,5885
2025-06-04,0,2602
2025-06-04,1,1682
2025-06-04,2,1057
2025-06-04,3,816
2025-06-04,4,954
2025-06-04,5,2538
2025-06-04,6,8893
2025-06-04,7,23637
2025-06-04,8,50475
2025-06-04,9,39539
2025-06-04,10,31490
2025-06-04,11,38277
2025-06-04,12,59204
2025-06-04,13,58715
2025-06-04,14,51661
2025-06-04,15,48070
2025-06-04,16,58451
2025-06-04,17,68086
2025-06-04,18,50633
2025-06-04,19,36106
2025-06-04,20,29763
2025-06-04,21,24311
2025-06-04,22,16712
2025-06-04,23,7804
2025-06-05,0,3336
2025-06-05,1,1855
2025-06-05,2,1139
2025-06-05,3,698
2025-06-05,4,805
2025-06-05,5,2579
2025-06-05,6,7516
2025-06-05,7,22459
2025-06-05,8,48743
2025-06-05,9,39574
2025-06-05,10,31581
2025-06-05,11,39740
2025-06-05,12,61090
2025-06-05,13,64370
2025-06-05,14,50222
2025-06-05,15,50295
2025-06-05,16,60287
2025-06-05,17,70035
2025-06-05,18,56533
2025-06-05,19,39472
2025-06-05,20,31078
2025-06-05,21,25691
2025-06-05,22,26955
2025-06-05,23,10840
2025-06-06,0,4496
2025-06-06,1,2602
2025-06-06,2,1673
2025-06-06,3,1277
2025-06-06,4,1203
2025-06-06,5,2501
2025-06-06,6,7320
2025-06-06,7,16014
2025-06-06,8,35043
2025-06-06,9,34768
2025-06-06,10,36135
2025-06-06,11,41757
2025-06-06,12,50412
2025-06-06,13,49862
2025-06-06,14,45934
2025-06-06,15,53059
2025-06-06,16,54740
2025-06-06,17,57573
2025-06-06,18,53557
2025-06-06,19,46186
2025-06-06,20,38622
2025-06-06,21,23989
2025-06-07,21,27343
2025-06-07,22,26862
2025-06-07,23,21141
2025-06-08,0,9920
2025-06-08,1,5851
2025-06-08,2,3762
2025-06-08,3,2499
2025-06-08,4,1698
2025-06-08,5,1120
2025-06-08,6,1916
2025-06-08,7,4050
2025-06-08,8,9863
2025-06-08,9,19949
2025-06-08,10,27771
2025-06-08,11,33724
2025-06-08,12,54578
2025-06-08,13,68580
2025-06-08,14,66387
2025-06-08,15,67627
2025-06-08,16,54189
2025-06-08,17,56294
2025-06-08,18,46444
2025-06-08,19,37005
2025-06-08,20,31361
2025-06-08,21,28098
2025-06-08,22,31284
2025-06-08,23,13268
2025-06-09,0,6486
2025-06-09,1,3763
2025-06-09,2,2552
2025-06-09,3,2176
2025-06-09,4,1492
2025-06-09,5,1164
2025-06-09,6,2140
2025-06-09,7,3728
2025-06-09,8,8423
2025-06-09,9,14427
2025-06-09,10,21916
2025-06-09,11,28819
2025-06-09,12,51316
2025-06-09,13,60813
2025-06-09,14,50429
2025-06-09,15,48132
2025-06-09,16,39508
2025-06-09,17,37405
2025-06-09,18,41904
2025-06-09,19,28422
2025-06-09,20,21563
2025-06-09,21,16463
2025-06-09,22,10054
2025-06-09,23,5311
2025-06-10,0,2782
2025-06-10,1,1338
2025-06-10,2,807
2025-06-10,3,769
2025-06-10,4,898
2025-06-10,5,2243
2025-06-10,6,6400
2025-06-10,7,22036
2025-06-10,8,48712
2025-06-10,9,36503
2025-06-10,10,29665
2025-06-10,11,37585
2025-06-10,12,60058
2025-06-10,13,52388
2025-06-10,14,45680
2025-06-10,15,47016
2025-06-10,16,56078
2025-06-10,17,65994
2025-06-10,18,44227
2025-06-10,19,28421
2025-06-10,20,22352
2025-06-10,21,17673
2025-06-10,22,12605
2025-06-10,23,6075
2025-06-11,0,2858
2025-06-11,1,1394
2025-06-11,2,1012
2025-06-11,3,829
2025-06-11,4,956
2025-06-11,5,2415
2025-06-11,6,8454
2025-06-11,7,21678
2025-06-11,8,48689
2025-06-11,9,39804
2025-06-11,10,32308
2025-06-11,11,43174
2025-06-11,12,61014
2025-06-11,13,58855
2025-06-11,14,44888
2025-06-11,15,53423
2025-06-11,16,58767
2025-06-11,17,72152
2025-06-11,18,47101
2025-06-11,19,33260
2025-06-11,20,27860
2025-06-11,21,22515
2025-06-11,22,13355
2025-06-11,23,6560
2025-06-12,0,2632
2025-06-12,1,1451
2025-06-12,2,866
2025-06-12,3,789
2025-06-12,4,872
2025-06-12,5,2286
2025-06-12,6,7561
2025-06-12,7,21543
2025-06-12,8,52858
2025-06-12,9,40387
2025-06-12,10,32010
2025-06-12,11,41767
2025-06-12,12,63630
2025-06-12,13,60285
2025-06-12,14,51008
2025-06-12,15,57039
2025-06-12,16,62725
2025-06-12,17,71015
2025-06-12,18,48781
2025-06-12,19,34558
2025-06-12,20,30622
2025-06-12,21,28500
2025-06-12,22,20166
2025-06-12,23,11293
2025-06-13,0,4037
2025-06-13,1,2313
2025-06-13,2,1450
2025-06-13,3,1013
2025-06-13,4,1047
2025-06-13,5,2244
2025-06-13,6,7492
2025-06-13,7,17383
2025-06-13,8,37416
2025-06-13,9,33355
2025-06-13,10,34805
2025-06-13,11,42166
2025-06-13,12,59117
2025-06-13,13,64064
2025-06-13,14,54377
2025-06-13,15,53709
2025-06-13,16,57452
2025-06-13,17,59370
2025-06-13,18,52151
2025-06-13,19,48624
2025-06-13,20,40688
2025-06-13,21,33872
2025-06-13,22,28019
2025-06-13,23,20074
2025-06-14,0,9320
2025-06-14,1,5230
2025-06-14,2,3711
2025-06-14,3,2756
2025-06-14,4,1725
2025-06-14,5,1673
2025-06-14,6,2945
2025-06-14,7,6087
2025-06-14,8,13961
2025-06-14,9,22967
2025-06-14,10,35714
2025-06-14,11,49168
2025-06-14,12,52900
2025-06-14,13,59656
2025-06-14,14,57858
2025-06-14,15,71775
2025-06-14,16,60368
2025-06-14,17,54943
2025-06-14,18,52039
2025-06-14,19,56622
2025-06-14,20,39125
2025-06-14,21,30375
2025-06-15,21,18605
2025-06-15,22,11804
2025-06-15,23,5941
2025-06-16,0,2752
2025-06-16,1,1668
2025-06-16,2,1000
2025-06-16,3,892
2025-06-16,4,968
2025-06-16,5,2471
2025-06-16,6,7429
2025-06-16,7,18921
2025-06-16,8,44223
2025-06-16,9,33291
2025-06-16,10,27880
2025-06-16,11,35691
2025-06-16,12,56352
2025-06-16,13,54711
2025-06-16,14,44100
2025-06-16,15,48748
2025-06-16,16,49264
2025-06-16,17,55284
2025-06-16,18,35759
2025-06-16,19,20026
2025-06-16,20,15336
2025-06-16,21,12979
2025-06-16,22,10170
2025-06-16,23,4760
2025-06-17,0,2386
2025-06-17,1,1503
2025-06-17,2,929
2025-06-17,3,672
2025-06-17,4,831
2025-06-17,5,2143
2025-06-17,6,8342
2025-06-17,7,20088
2025-06-17,8,44286
2025-06-17,9,34572
2025-06-17,10,28975
2025-06-17,11,35659
2025-06-17,12,55344
2025-06-17,13,54843
2025-06-17,14,50429
2025-06-17,15,51840
2025-06-17,16,60527
2025-06-17,17,68395
2025-06-17,18,43005
2025-06-17,19,29455
2025-06-17,20,22668
2025-06-17,21,19048
2025-06-17,22,12105
2025-06-17,23,5717
2025-06-18,0,2729
2025-06-18,1,1227
2025-06-18,2,785
2025-06-18,3,709
2025-06-18,4,961
2025-06-18,5,2403
2025-06-18,6,8387
2025-06-18,7,22311
2025-06-18,8,50992
2025-06-18,9,36951
2025-06-18,10,34455
2025-06-18,11,44774
2025-06-18,12,64287
2025-06-18,13,61394
2025-06-18,14,47414
2025-06-18,15,50172
2025-06-18,16,57049
2025-06-18,17,71529
2025-06-18,18,47818
2025-06-18,19,35847
2025-06-18,20,28243
2025-06-18,21,25186
2025-06-18,22,15596
2025-06-18,23,7041
2025-06-19,0,2949
2025-06-19,1,1680
2025-06-19,2,1068
2025-06-19,3,790
2025-06-19,4,912
2025-06-19,5,2641
2025-06-19,6,8197
2025-06-19,7,20898
2025-06-19,8,49987
2025-06-19,9,39125
2025-06-19,10,34326
2025-06-19,11,42875
2025-06-19,12,60313
2025-06-19,13,62593
2025-06-19,14,49236
2025-06-19,15,50711
2025-06-19,16,61238
2025-06-19,17,78683
2025-06-19,18,47898
2025-06-19,19,34611
2025-06-19,20,30031
2025-06-19,21,21466
2025-06-20,21,36631
2025-06-20,22,30358
2025-06-20,23,18360
2025-06-21,0,10134
2025-06-21,1,5996
2025-06-21,2,3952
2025-06-21,3,2537
2025-06-21,4,1673
2025-06-21,5,1714
2025-06-21,6,3069
2025-06-21,7,6826
2025-06-21,8,14462
2025-06-21,9,24082
2025-06-21,10,34414
2025-06-21,11,49686
2025-06-21,12,64334
2025-06-21,13,59155
2025-06-21,14,63709
2025-06-21,15,64682
2025-06-21,16,78612
2025-06-21,17,57307
2025-06-21,18,52237
2025-06-21,19,43369
2025-06-21,20,36160
2025-06-21,21,29502
2025-06-21,22,35160
2025-06-21,23,19998
2025-06-22,0,10839
2025-06-22,1,7928
2025-06-22,2,5648
2025-06-22,3,3342
2025-06-22,4,2658
2025-06-22,5,2230
2025-06-22,6,2643
2025-06-22,7,5585
2025-06-22,8,10862
2025-06-22,9,21239
2025-06-22,10,32977
2025-06-22,11,42817
2025-06-22,12,56705
2025-06-22,13,67768
2025-06-22,14,66804
2025-06-22,15,58094
2025-06-22,16,50178
2025-06-22,17,37989
2025-06-22,18,41593
2025-06-22,19,27972
2025-06-22,20,23001
2025-06-22,21,17927
2025-06-22,22,12289
2025-06-22,23,6226
2025-06-23,0,3001
2025-06-23,1,1387
2025-06-23,2,1109
2025-06-23,3,735
2025-06-23,4,1205
2025-06-23,5,2132
2025-06-23,6,6432
2025-06-23,7,19429
2025-06-23,8,40828
2025-06-23,9,31262
2025-06-23,10,28645
2025-06-23,11,36913
2025-06-23,12,54547
2025-06-23,13,56981
2025-06-23,14,46066
2025-06-23,15,48097
2025-06-23,16,50689
2025-06-23,17,60712
2025-06-23,18,42739
2025-06-23,19,24526
2025-06-23,20,14031
2025-06-23,21,15161
2025-06-23,22,10374
2025-06-23,23,4724
2025-06-24,0,2099
2025-06-24,1,1369
2025-06-24,2,939
2025-06-24,3,701
2025-06-24,4,939
2025-06-24,5,2500
2025-06-24,6,8695
2025-06-24,7,21650
2025-06-24,8,52169
2025-06-24,9,37755
2025-06-24,10,33278
2025-06-24,11,38442
2025-06-24,12,56316
2025-06-24,13,56037
2025-06-24,14,45102
2025-06-24,15,47722
2025-06-24,16,54903
2025-06-24,17,61688
2025-06-24,18,38612
2025-06-24,19,25087
2025-06-24,20,24032
2025-06-24,21,18181
2025-06-24,22,9188
2025-06-24,23,5128
2025-06-25,0,2429
2025-06-25,1,1693
2025-06-25,2,1067
2025-06-25,3,843
2025-06-25,4,949
2025-06-25,5,2435
2025-06-25,6,6022
2025-06-25,7,17075
2025-06-25,8,46612
2025-06-25,9,35950
2025-06-25,10,27385
2025-06-25,11,34189
2025-06-25,12,45630
2025-06-25,13,43333
2025-06-25,14,34750
2025-06-25,15,43632
2025-06-25,16,50313
2025-06-25,17,52051
2025-06-25,18,34282
2025-06-25,19,22173
2025-06-25,20,19690
2025-06-25,21,19404
2025-06-25,22,11493
2025-06-25,23,7924
2025-06-26,0,2604
2025-06-26,1,1397
2025-06-26,2,895
2025-06-26,3,592
2025-06-26,4,890
2025-06-26,5,2216
2025-06-26,6,7220
2025-06-26,7,19530
2025-06-26,8,53258
2025-06-26,9,40461
2025-06-26,10,34710
2025-06-26,11,41703
2025-06-26,12,61445
2025-06-26,13,65286
2025-06-26,14,50248
2025-06-26,15,57677
2025-06-26,16,68039
2025-06-26,17,70787
2025-06-26,18,48211
2025-06-26,19,37977
2025-06-26,20,30803
2025-06-26,21,28675
2025-06-26,22,18114
2025-06-26,23,8634
2025-06-27,0,4488
2025-06-27,1,2970
2025-06-27,2,1828
2025-06-27,3,1349
2025-06-27,4,1265
2025-06-27,5,2768
2025-06-27,6,7386
2025-06-27,7,15871
2025-06-27,8,36971
2025-06-27,9,33339
2025-06-27,10,34430
2025-06-27,11,42063
2025-06-27,12,64384
2025-06-27,13,60039
2025-06-27,14,52239
2025-06-27,15,54743
2025-06-27,16,56928
2025-06-27,17,64350
2025-06-27,18,55733
2025-06-27,19,47676
2025-06-27,20,40590
2025-06-27,21,36195
2025-06-27,22,26046
2025-06-27,23,18852
2025-06-28,0,9592
2025-06-28,1,6760
2025-06-28,2,4548
2025-06-28,3,3907
2025-06-28,4,1923
2025-06-28,5,2079
2025-06-28,6,3146
2025-06-28,7,6023
2025-06-28,8,13045
2025-06-28,9,22244
2025-06-28,10,38774
2025-06-28,11,48011
2025-06-28,12,52991
2025-06-28,13,61433
2025-06-28,14,62992
2025-06-28,15,67774
2025-06-28,16,67198
2025-06-28,17,70133
2025-06-28,18,59475
2025-06-28,19,50857
2025-06-28,20,37133
2025-06-28,21,35052
2025-06-28,22,39759
2025-06-28,23,22371
2025-06-29,0,12782
2025-06-29,1,8254
2025-06-29,2,5769
2025-06-29,3,4536
2025-06-29,4,2948
2025-06-29,5,2225
2025-06-29,6,2893
2025-06-29,7,5597
2025-06-29,8,10634
2025-06-29,9,17709
2025-06-29,10,29112
2025-06-29,11,41329
2025-06-29,12,56503
2025-06-29,13,59843
2025-06-29,14,56263
2025-06-29,15,54130
2025-06-29,16,54366
2025-06-29,17,45518
2025-06-29,18,36547
2025-06-29,19,26189
2025-06-29,20,19069
2025-06-29,21,12223
2025-06-30,21,15488
2025-06-30,22,10996
2025-06-30,23,5213
2025-07-01,0,2357
2025-07-01,1,1454
2025-07-01,2,859
2025-07-01,3,660
2025-07-01,4,808
2025-07-01,5,2115
2025-07-01,6,6991
2025-07-01,7,18820
2025-07-01,8,47001
2025-07-01,9,34516
2025-07-01,10,29311
2025-07-01,11,36185
2025-07-01,12,60094
2025-07-01,13,56401
2025-07-01,14,47696
2025-07-01,15,47119
2025-07-01,16,56488
2025-07-01,17,65760
2025-07-01,18,44113
2025-07-01,19,30236
2025-07-01,20,24520
2025-07-01,21,18845
2025-07-01,22,12489
2025-07-01,23,5655
2025-07-02,0,2888
2025-07-02,1,1562
2025-07-02,2,838
2025-07-02,3,827
2025-07-02,4,788
2025-07-02,5,2150
2025-07-02,6,8098
2025-07-02,7,19339
2025-07-02,8,43325
2025-07-02,9,35868
2025-07-02,10,20961
2025-07-02,11,22662
2025-07-02,12,23580
2025-07-02,13,23574
2025-07-02,14,24827
2025-07-02,15,33349
2025-07-02,16,38417
2025-07-02,17,49064
2025-07-02,18,34192
2025-07-02,19,22506
2025-07-02,20,22698
2025-07-02,21,17889
2025-07-03,21,25720
2025-07-03,22,22359
2025-07-03,23,9395
2025-07-04,0,3798
2025-07-04,1,2401
2025-07-04,2,1619
2025-07-04,3,1136
2025-07-04,4,1107
2025-07-04,5,2252
2025-07-04,6,7058
2025-07-04,7,15792
2025-07-04,8,34577
2025-07-04,9,33502
2025-07-04,10,36647
2025-07-04,11,41580
2025-07-04,12,58445
2025-07-04,13,68557
2025-07-04,14,59482
2025-07-04,15,58249
2025-07-04,16,61168
2025-07-04,17,69478
2025-07-04,18,65524
2025-07-04,19,59736
2025-07-04,20,49288
2025-07-04,21,44808
2025-07-04,22,41893
2025-07-04,23,19201
2025-07-05,0,9492
2025-07-05,1,6655
2025-07-05,2,4300
2025-07-05,3,3364
2025-07-05,4,2093
2025-07-05,5,2021
2025-07-05,6,3322
2025-07-05,7,6488
2025-07-05,8,13686
2025-07-05,9,25557
2025-07-05,10,38672
2025-07-05,11,50855
2025-07-05,12,62513
2025-07-05,13,65972
2025-07-05,14,66565
2025-07-05,15,79094
2025-07-05,16,72564
2025-07-05,17,73907
2025-07-05,18,76469
2025-07-05,19,70895
2025-07-05,20,58097
2025-07-05,21,50107
2025-07-05,22,47014
2025-07-05,23,23519
2025-07-06,0,14692
2025-07-06,1,8645
2025-07-06,2,4804
2025-07-06,3,4294
2025-07-06,4,2688
2025-07-06,5,2463
2025-07-06,6,2986
2025-07-06,7,5302
2025-07-06,8,11113
2025-07-06,9,23322
2025-07-06,10,36502
2025-07-06,11,49156
2025-07-06,12,64017
2025-07-06,13,70562
2025-07-06,14,66207
2025-07-06,15,61433
2025-07-06,16,60691
2025-07-06,17,61759
2025-07-06,18,54987
2025-07-06,19,47303
2025-07-06,20,40606
2025-07-06,21,31447
2025-07-06,22,22679
2025-07-06,23,8875
2025-07-07,0,4250
2025-07-07,1,1730
2025-07-07,2,1071
2025-07-07,3,902
2025-07-07,4,1020
2025-07-07,5,2367
2025-07-07,6,6648
2025-07-07,7,18847
2025-07-07,8,43890
2025-07-07,9,36993
2025-07-07,10,38674
2025-07-07,11,47787
2025-07-07,12,72605
2025-07-07,13,71266
2025-07-07,14,65197
2025-07-07,15,62551
2025-07-07,16,64489
2025-07-07,17,70119
2025-07-07,18,47358
2025-07-07,19,32146
2025-07-07,20,26769
2025-07-07,21,20304
2025-07-07,22,14947
2025-07-07,23,6532
2025-07-08,0,2956
2025-07-08,1,1564
2025-07-08,2,918
2025-07-08,3,716
2025-07-08,4,779
2025-07-08,5,2357
2025-07-08,6,7554
2025-07-08,7,19697
2025-07-08,8,46128
2025-07-08,9,34820
2025-07-08,10,32980
2025-07-08,11,41422
2025-07-08,12,63191
2025-07-08,13,61301
2025-07-08,14,56373
2025-07-08,15,52249
2025-07-08,16,63292
2025-07-08,17,70544
2025-07-08,18,46947
2025-07-08,19,32373
2025-07-08,20,27722
2025-07-08,21,21718
2025-07-08,22,13481
2025-07-08,23,6404
2025-07-09,0,3117
2025-07-09,1,1681
2025-07-09,2,1106
2025-07-09,3,739
2025-07-09,4,924
2025-07-09,5,2513
2025-07-09,6,8197
2025-07-09,7,20792
2025-07-09,8,45990
2025-07-09,9,40671
2025-07-09,10,38886
2025-07-09,11,52355
2025-07-09,12,73344
2025-07-09,13,78486
2025-07-09,14,63018
2025-07-09,15,66575
2025-07-09,16,73875
2025-07-09,17,79962
2025-07-09,18,58506
2025-07-09,19,42546
2025-07-09,20,35879
2025-07-09,21,28106
2025-07-09,22,17831
2025-07-09,23,6732
2025-07-10,0,2876
2025-07-10,1,1519
2025-07-10,2,1006
2025-07-10,3,799
2025-07-10,4,774
2025-07-10,5,2405
2025-07-10,6,6581
2025-07-10,7,15106
2025-07-10,8,44749
2025-07-10,9,38490
2025-07-10,10,40125
2025-07-10,11,49756
2025-07-10,12,73036
2025-07-10,13,73979
2025-07-10,14,63361
2025-07-10,15,59904
2025-07-10,16,63016
2025-07-10,17,79374
2025-07-10,18,58854
2025-07-10,19,40873
2025-07-10,20,34594
2025-07-10,21,28695
2025-07-10,22,23810
2025-07-10,23,8834
2025-07-11,0,3970
2025-07-11,1,2602
2025-07-11,2,1641
2025-07-11,3,1086
2025-07-11,4,1342
2025-07-11,5,2670
2025-07-11,6,6733
2025-07-11,7,15283
2025-07-11,8,35217
2025-07-11,9,34725
2025-07-11,10,41434
2025-07-11,11,52580
2025-07-11,12,71470
2025-07-11,13,75064
2025-07-11,14,72043
2025-07-11,15,63715
2025-07-11,16,71907
2025-07-11,17,70872
2025-07-11,18,62444
2025-07-11,19,55045
2025-07-11,20,45647
2025-07-11,21,48587
2025-07-11,22,29881
2025-07-11,23,17769
2025-07-12,0,9649
2025-07-12,1,5857
2025-07-12,2,4184
2025-07-12,3,3013
2025-07-12,4,1914
2025-07-12,5,1882
2025-07-12,6,3288
2025-07-12,7,6812
2025-07-12,8,15998
2025-07-12,9,30963
2025-07-12,10,44986
2025-07-12,11,64304
2025-07-12,12,80888
2025-07-12,13,77838
2025-07-12,14,81425
2025-07-12,15,84837
2025-07-12,16,93008
2025-07-12,17,78139
2025-07-12,18,65942
2025-07-12,19,49574
2025-07-12,20,47574
2025-07-12,21,38089
2025-07-12,22,40647
2025-07-12,23,21912
2025-07-13,0,12005
2025-07-13,1,8780
2025-07-13,2,5349
2025-07-13,3,4092
2025-07-13,4,2855
2025-07-13,5,3694
2025-07-13,6,6307
2025-07-13,7,63343
2025-07-13,8,37377
2025-07-13,9,36851
2025-07-13,10,48755
2025-07-13,11,56337
2025-07-13,12,64532
2025-07-13,13,72555
2025-07-13,14,72775
2025-07-13,15,62265
2025-07-13,16,58623
2025-07-13,17,42838
2025-07-13,18,37371
2025-07-13,19,25061
2025-07-13,20,23730
2025-07-13,21,18602
2025-07-13,22,12422
2025-07-13,23,5959
2025-07-14,0,3064
2025-07-14,1,1674
2025-07-14,2,1127
2025-07-14,3,961
2025-07-14,4,1027
2025-07-14,5,2470
2025-07-14,6,7740
2025-07-14,7,18354
2025-07-14,8,41748
2025-07-14,9,34736
2025-07-14,10,38913
2025-07-14,11,47819
2025-07-14,12,69036
2025-07-14,13,74264
2025-07-14,14,62198
2025-07-14,15,64091
2025-07-14,16,59838
2025-07-14,17,72965
2025-07-14,18,48946
2025-07-14,19,35862
2025-07-14,20,26833
2025-07-14,21,20887
2025-07-14,22,11942
2025-07-14,23,5514
2025-07-15,0,2454
2025-07-15,1,1343
2025-07-15,2,759
2025-07-15,3,707
2025-07-15,4,811
2025-07-15,5,2390
2025-07-15,6,8495
2025-07-15,7,20896
2025-07-15,8,50363
2025-07-15,9,40605
2025-07-15,10,40587
2025-07-15,11,49098
2025-07-15,12,79880
2025-07-15,13,75625
2025-07-15,14,53005
2025-07-15,15,60154
2025-07-15,16,70603
2025-07-15,17,91434
2025-07-15,18,55907
2025-07-15,19,38071
2025-07-15,20,31646
2025-07-15,21,25155
2025-07-15,22,14214
2025-07-15,23,7121
2025-07-16,0,2822
2025-07-16,1,1844
2025-07-16,2,1164
2025-07-16,3,911
2025-07-16,4,954
2025-07-16,5,2837
2025-07-16,6,8196
2025-07-16,7,20986
2025-07-16,8,48816
2025-07-16,9,41095
2025-07-16,10,38850
2025-07-16,11,50535
2025-07-16,12,71481
2025-07-16,13,77002
2025-07-16,14,64834
2025-07-16,15,62963
2025-07-16,16,68455
2025-07-16,17,81547
2025-07-16,18,59586
2025-07-16,19,45772
2025-07-16,20,38846
2025-07-16,21,30933
2025-07-16,22,16706
2025-07-16,23,7642
2025-07-17,0,3016
2025-07-17,1,1803
2025-07-17,2,1063
2025-07-17,3,809
2025-07-17,4,961
2025-07-17,5,2567
2025-07-17,6,7653
2025-07-17,7,20213
2025-07-17,8,48713
2025-07-17,9,40681
2025-07-17,10,37811
2025-07-17,11,45638
2025-07-17,12,76979
2025-07-17,13,79053
2025-07-17,14,61102
2025-07-17,15,59095
2025-07-17,16,69304
2025-07-17,17,73128
2025-07-17,18,53322
2025-07-17,19,44495
2025-07-17,20,32452
2025-07-17,21,28954
2025-07-17,22,22588
2025-07-17,23,8845
2025-07-18,0,4126
2025-07-18,1,2508
2025-07-18,2,1471
2025-07-18,3,1212
2025-07-18,4,1035
2025-07-18,5,2672
2025-07-18,6,6881
2025-07-18,7,16188
2025-07-18,8,37605
2025-07-18,9,35858
2025-07-18,10,40975
2025-07-18,11,52359
2025-07-18,12,73316
2025-07-18,13,77051
2025-07-18,14,71739
2025-07-18,15,71631
2025-07-18,16,67816
2025-07-18,17,77975
2025-07-18,18,63984
2025-07-18,19,54743
2025-07-18,20,44539
2025-07-18,21,37910
2025-07-18,22,29297
2025-07-18,23,18578
2025-07-19,0,9997
2025-07-19,1,6579
2025-07-19,2,4136
2025-07-19,3,1368
2025-07-19,4,415
2025-07-19,5,1111
2025-07-19,6,2021
2025-07-19,7,4376
2025-07-19,8,8727
2025-07-19,9,17979
2025-07-19,10,29609
2025-07-19,11,42793
2025-07-19,12,47408
2025-07-19,13,55161
2025-07-19,14,64129
2025-07-19,15,57663
2025-07-19,16,59767
2025-07-19,17,51978
2025-07-19,18,46572
2025-07-19,19,40275
2025-07-19,20,35321
2025-07-19,21,30593
2025-07-19,22,32434
2025-07-19,23,22907
2025-07-20,0,13519
2025-07-20,1,7931
2025-07-20,2,5318
2025-07-20,3,4546
2025-07-20,4,2819
2025-07-20,5,2428
2025-07-20,6,2664
2025-07-20,7,5516
2025-07-20,8,11900
2025-07-20,9,22724
2025-07-20,10,34822
2025-07-20,11,47023
2025-07-20,12,63522
2025-07-20,13,71180
2025-07-20,14,78798
2025-07-20,15,63468
2025-07-20,16,63665
2025-07-20,17,52980
2025-07-20,18,45903
2025-07-20,19,33040
2025-07-20,20,26810
2025-07-20,21,20054
2025-07-20,22,14832
2025-07-20,23,5753
2025-07-21,0,2763
2025-07-21,1,1522
2025-07-21,2,983
2025-07-21,3,714
2025-07-21,4,879
2025-07-21,5,2089
2025-07-21,6,6434
2025-07-21,7,19817
2025-07-21,8,48101
2025-07-21,9,37557
2025-07-21,10,36014
2025-07-21,11,42285
2025-07-21,12,66381
2025-07-21,13,68374
2025-07-21,14,60522
2025-07-21,15,55495
2025-07-21,16,60484
2025-07-21,17,71405
2025-07-21,18,42145
2025-07-21,19,30975
2025-07-21,20,26723
2025-07-21,21,18528
2025-07-21,22,11442
2025-07-21,23,6136
2025-07-22,0,3055
2025-07-22,1,1670
2025-07-22,2,937
2025-07-22,3,788
2025-07-22,4,860
2025-07-22,5,2677
2025-07-22,6,8049
2025-07-22,7,23597
2025-07-22,8,56450
2025-07-22,9,38071
2025-07-22,10,29641
2025-07-22,11,28987
2025-07-22,12,39716
2025-07-22,13,37204
2025-07-22,14,44579
2025-07-22,15,54723
2025-07-22,16,67478
2025-07-22,17,74973
2025-07-22,18,47381
2025-07-22,19,33783
2025-07-22,20,25089
2025-07-22,21,19000
2025-07-22,22,18869
2025-07-22,23,6695
2025-07-23,0,3457
2025-07-23,1,1925
2025-07-23,2,1258
2025-07-23,3,867
2025-07-23,4,963
2025-07-23,5,2386
2025-07-23,6,8900
2025-07-23,7,24241
2025-07-23,8,54525
2025-07-23,9,41269
2025-07-23,10,40231
2025-07-23,11,47076
2025-07-23,12,68966
2025-07-23,13,63949
2025-07-23,14,56592
2025-07-23,15,60536
2025-07-23,16,65213
2025-07-23,17,75948
2025-07-23,18,53036
2025-07-23,19,38935
2025-07-23,20,31281
2025-07-23,21,24680
2025-07-23,22,14965
2025-07-23,23,7181
2025-07-24,0,3087
2025-07-24,1,1823
2025-07-24,2,1070
2025-07-24,3,784
2025-07-24,4,901
2025-07-24,5,2686
2025-07-24,6,7559
2025-07-24,7,22848
2025-07-24,8,56693
2025-07-24,9,46917
2025-07-24,10,44094
2025-07-24,11,55851
2025-07-24,12,82205
2025-07-24,13,80261
2025-07-24,14,71486
2025-07-24,15,67205
2025-07-24,16,81276
2025-07-24,17,91555
2025-07-24,18,59557
2025-07-24,19,41361
2025-07-24,20,34262
2025-07-24,21,29373
2025-07-24,22,25017
2025-07-24,23,10976
2025-07-25,0,4639
2025-07-25,1,3253
2025-07-25,2,1627
2025-07-25,3,1110
2025-07-25,4,1332
2025-07-25,5,2249
2025-07-25,6,7567
2025-07-25,7,17535
2025-07-25,8,41006
2025-07-25,9,43220
2025-07-25,10,46122
2025-07-25,11,52784
2025-07-25,12,75341
2025-07-25,13,80457
2025-07-25,14,66480
2025-07-25,15,70690
2025-07-25,16,68103
2025-07-25,17,73632
2025-07-25,18,57264
2025-07-25,19,41019
2025-07-25,20,36904
2025-07-25,21,40482
2025-07-25,22,37078
2025-07-25,23,19208
2025-07-26,0,11196
2025-07-26,1,6864
2025-07-26,2,4698
2025-07-26,3,3221
2025-07-26,4,2052
2025-07-26,5,1983
2025-07-26,6,3303
2025-07-26,7,7089
2025-07-26,8,15822
2025-07-26,9,28762
2025-07-26,10,41353
2025-07-26,11,58822
2025-07-26,12,73658
2025-07-26,13,73593
2025-07-26,14,59916
2025-07-26,15,61144
2025-07-26,16,67277
2025-07-26,17,72392
2025-07-26,18,60084
2025-07-26,19,46558
2025-07-26,20,33961
2025-07-26,21,32538
2025-07-26,22,52356
2025-07-26,23,29533
2025-07-27,0,16852
2025-07-27,1,10500
2025-07-27,2,7478
2025-07-27,3,5853
2025-07-27,4,3280
2025-07-27,5,2183
2025-07-27,6,3046
2025-07-27,7,6014
2025-07-27,8,11423
2025-07-27,9,24172
2025-07-27,10,35048
2025-07-27,11,55230
2025-07-27,12,68555
2025-07-27,13,66154
2025-07-27,14,70647
2025-07-27,15,64183
2025-07-27,16,54578
2025-07-27,17,42303
2025-07-27,18,32342
2025-07-27,19,25188
2025-07-27,20,17308
2025-07-27,21,16223
2025-07-27,22,11999
2025-07-27,23,6116
2025-07-28,0,2927
2025-07-28,1,1781
2025-07-28,2,1112
2025-07-28,3,941
2025-07-28,4,1091
2025-07-28,5,2515
2025-07-28,6,7461
2025-07-28,7,20407
2025-07-28,8,51082
2025-07-28,9,40962
2025-07-28,10,40315
2025-07-28,11,46308
2025-07-28,12,67375
2025-07-28,13,62309
2025-07-28,14,54750
2025-07-28,15,48388
2025-07-28,16,66810
2025-07-28,17,63047
2025-07-28,18,43423
2025-07-28,19,27233
2025-07-28,20,25401
2025-07-28,21,21502
2025-07-28,22,12826
2025-07-28,23,6085
2025-07-29,0,2863
2025-07-29,1,1426
2025-07-29,2,952
2025-07-29,3,778
2025-07-29,4,836
2025-07-29,5,2430
2025-07-29,6,8500
2025-07-29,7,26384
2025-07-29,8,59136
2025-07-29,9,44497
2025-07-29,10,37900
2025-07-29,11,46979
2025-07-29,12,73715
2025-07-29,13,69693
2025-07-29,14,63525
2025-07-29,15,61442
2025-07-29,16,67429
2025-07-29,17,77654
2025-07-29,18,47963
2025-07-29,19,32797
2025-07-29,20,29128
2025-07-29,21,23582
2025-07-29,22,13795
2025-07-29,23,6615
2025-07-30,0,2786
2025-07-30,1,1852
2025-07-30,2,1146
2025-07-30,3,845
2025-07-30,4,816
2025-07-30,5,2288
2025-07-30,6,8264
2025-07-30,7,24036
2025-07-30,8,58732
2025-07-30,9,40507
2025-07-30,10,40920
2025-07-30,11,45137
2025-07-30,12,72331
2025-07-30,13,75957
2025-07-30,14,62074
2025-07-30,15,58204
2025-07-30,16,73859
2025-07-30,17,79404
2025-07-30,18,56702
2025-07-30,19,43491
2025-07-30,20,34880
2025-07-30,21,26579
2025-07-30,22,15946
2025-07-30,23,7546
2025-07-31,0,2828
2025-07-31,1,1747
2025-07-31,2,1088
2025-07-31,3,913
2025-07-31,4,887
2025-07-31,5,2590
2025-07-31,6,8113
2025-07-31,7,23647
2025-07-31,8,58199
2025-07-31,9,47421
2025-07-31,10,41334
2025-07-31,11,46768
2025-07-31,12,72430
2025-07-31,13,71268
2025-07-31,14,61491
2025-07-31,15,60116
2025-07-31,16,71696
2025-07-31,17,87672
2025-07-31,18,56452
2025-07-31,19,38212
2025-07-31,20,35137
2025-07-31,21,28171
2025-07-31,22,21798
2025-07-31,23,9187
